Job,Machine,Start,End
J001,M01,08:00,09:16
J002,M01,08:10,09:29
J003,M04,08:20,09:16
J004,M04,08:30,10:16
J005,M01,08:40,09:26
J006,M02,08:50,10:30
J007,M04,09:00,09:22
J008,M05,09:10,10:29
J009,M02,09:20,10:02
J010,M01,09:30,09:57
J011,M01,09:40,10:45
J012,M03,09:50,10:18
J013,M03,10:00,10:43
J014,M04,10:10,12:02
J015,M05,10:20,12:04
J016,M01,10:30,11:35
J017,M03,10:40,12:35
J018,M05,10:50,11:45
J019,M02,11:00,11:52
J020,M05,11:10,11:52
J021,M02,11:20,13:07
J022,M03,11:30,12:34
J023,M01,11:40,13:18
J024,M02,11:50,13:14
J025,M04,12:00,13:59
J026,M01,12:10,12:31
J027,M03,12:20,13:47
J028,M03,12:30,14:03
J029,M02,12:40,14:36
J030,M05,12:50,13:56
J031,M03,13:00,13:37
J032,M03,13:10,14:28
J033,M04,13:20,15:03
J034,M01,13:30,15:20
J035,M02,13:40,14:27
J036,M04,13:50,15:29
J037,M01,14:00,15:19
J038,M01,14:10,14:53
J039,M02,14:20,15:08
J040,M01,14:30,15:20
J041,M04,14:40,16:08
J042,M04,14:50,15:38
J043,M03,15:00,16:15
J044,M02,15:10,16:59
J045,M02,15:20,16:38
J046,M03,15:30,16:00
J047,M02,15:40,16:05
J048,M02,15:50,17:05
J049,M02,16:00,16:33
J050,M01,16:10,17:54
J051,M04,16:20,16:44
J052,M05,16:30,16:53
J053,M02,16:40,18:17
J054,M05,16:50,17:54
J055,M05,17:00,18:56
J056,M01,17:10,18:54
J057,M02,17:20,17:51
J058,M01,17:30,18:53
J059,M05,17:40,18:42
J060,M01,17:50,18:56
J061,M02,18:00,19:50
J062,M02,18:10,19:48
J063,M02,18:20,19:07
J064,M02,18:30,19:41
J065,M03,18:40,19:03
J066,M03,18:50,19:42
J067,M02,19:00,19:23
J068,M02,19:10,21:06
J069,M04,19:20,19:49
J070,M04,19:30,20:24
J071,M04,19:40,20:05
J072,M05,19:50,20:58
J073,M04,20:00,21:52
J074,M04,20:10,21:15
J075,M05,20:20,21:45
J076,M01,20:30,22:09
J077,M01,20:40,21:42
J078,M02,20:50,22:37
J079,M05,21:00,22:24
J080,M04,21:10,22:32
J081,M02,21:20,22:29
J082,M01,21:30,21:54
J083,M03,21:40,22:39
J084,M05,21:50,23:07
J085,M02,22:00,22:44
J086,M05,22:10,23:27
J087,M03,22:20,23:19
J088,M04,22:30,23:30
J089,M04,22:40,23:35
J090,M02,22:50,23:17
J091,M02,23:00,00:00
J092,M03,23:10,00:40
J093,M03,23:20,00:46
J094,M05,23:30,00:21
J095,M03,23:40,01:33
J096,M05,23:50,01:40
J097,M04,00:00,00:57
J098,M03,00:10,01:41
J099,M05,00:20,00:53
J100,M02,00:30,00:57
J101,M05,00:40,01:17
J102,M04,00:50,02:40
J103,M05,01:00,02:45
J104,M05,01:10,02:12
J105,M03,01:20,02:03
J106,M03,01:30,03:17
J107,M04,01:40,03:23
J108,M05,01:50,03:08
J109,M05,02:00,03:42
J110,M05,02:10,03:57
J111,M01,02:20,04:19
J112,M02,02:30,03:44
J113,M01,02:40,04:23
J114,M01,02:50,04:46
J115,M04,03:00,04:54
J116,M04,03:10,04:27
J117,M02,03:20,04:27
J118,M02,03:30,04:38
J119,M04,03:40,04:38
J120,M04,03:50,04:23
J121,M05,04:00,04:39
J122,M02,04:10,05:52
J123,M04,04:20,05:45
J124,M01,04:30,05:10
J125,M02,04:40,05:56
J126,M01,04:50,06:00
J127,M04,05:00,05:27
J128,M04,05:10,05:50
J129,M05,05:20,06:05
J130,M02,05:30,06:48
J131,M04,05:40,06:58
J132,M01,05:50,07:00
J133,M01,06:00,07:25
J134,M03,06:10,07:21
J135,M01,06:20,06:43
J136,M04,06:30,07:48
J137,M01,06:40,08:11
J138,M03,06:50,07:55
J139,M03,07:00,07:45
J140,M05,07:10,08:50
J141,M03,07:20,09:00
J142,M03,07:30,09:20
J143,M03,07:40,08:13
J144,M03,07:50,08:37
J145,M05,08:00,08:22
J146,M01,08:10,09:12
J147,M03,08:20,08:49
J148,M01,08:30,09:09
J149,M05,08:40,10:20
J150,M03,08:50,09:43
J151,M02,09:00,09:20
J152,M05,09:10,10:56
J153,M05,09:20,10:26
J154,M02,09:30,11:21
J155,M03,09:40,10:20
J156,M04,09:50,10:59
J157,M03,10:00,10:59
J158,M05,10:10,12:03
J159,M02,10:20,11:06
J160,M01,10:30,12:28
J161,M04,10:40,11:34
J162,M01,10:50,11:48
J163,M01,11:00,11:43
J164,M05,11:10,12:06
J165,M04,11:20,11:49
J166,M04,11:30,12:31
J167,M01,11:40,12:15
J168,M03,11:50,12:27
J169,M03,12:00,12:23
J170,M03,12:10,13:52
J171,M05,12:20,13:32
J172,M02,12:30,13:51
J173,M02,12:40,13:44
J174,M01,12:50,14:43
J175,M04,13:00,13:40
J176,M05,13:10,14:50
J177,M02,13:20,14:57
J178,M01,13:30,14:52
J179,M03,13:40,15:15
J180,M02,13:50,14:59
J181,M02,14:00,15:35
J182,M01,14:10,15:29
J183,M04,14:20,16:06
J184,M04,14:30,15:59
J185,M04,14:40,15:30
J186,M01,14:50,16:00
J187,M04,15:00,16:50
J188,M02,15:10,16:40
J189,M03,15:20,16:10
J190,M04,15:30,16:20
J191,M01,15:40,17:34
J192,M03,15:50,17:30
J193,M04,16:00,17:20
J194,M03,16:10,17:07
J195,M02,16:20,17:48
J196,M02,16:30,17:26
J197,M05,16:40,17:01
J198,M04,16:50,18:04
J199,M04,17:00,18:30
J200,M02,17:10,18:34
J201,M04,17:20,18:12
J202,M02,17:30,18:52
J203,M05,17:40,18:41
J204,M02,17:50,19:43
J205,M04,18:00,19:29
J206,M04,18:10,19:39
J207,M05,18:20,18:41
J208,M01,18:30,18:50
J209,M01,18:40,20:26
J210,M04,18:50,20:06
J211,M03,19:00,19:25
J212,M01,19:10,20:46
J213,M03,19:20,20:13
J214,M04,19:30,20:06
J215,M02,19:40,20:23
J216,M01,19:50,20:32
J217,M02,20:00,21:49
J218,M05,20:10,21:21
J219,M05,20:20,22:07
J220,M05,20:30,21:40
J221,M02,20:40,22:15
J222,M03,20:50,22:49
J223,M01,21:00,21:58
J224,M05,21:10,22:35
J225,M03,21:20,21:42
J226,M04,21:30,23:15
J227,M05,21:40,23:29
J228,M02,21:50,23:07
J229,M01,22:00,22:59
J230,M01,22:10,23:15
J231,M02,22:20,22:56
J232,M01,22:30,00:16
J233,M04,22:40,00:08
J234,M01,22:50,00:41
J235,M03,23:00,23:56
J236,M02,23:10,23:36
J237,M01,23:20,00:43
J238,M05,23:30,01:05
J239,M03,23:40,01:09
J240,M02,23:50,00:12
J241,M01,00:00,01:35
J242,M05,00:10,01:52
J243,M02,00:20,01:16
J244,M03,00:30,01:12
J245,M02,00:40,01:05
J246,M01,00:50,01:30
J247,M02,01:00,02:24
J248,M01,01:10,02:01
J249,M03,01:20,02:27
J250,M02,01:30,02:49
J251,M01,01:40,02:01
J252,M05,01:50,02:28
J253,M01,02:00,02:43
J254,M05,02:10,02:48
J255,M01,02:20,02:58
J256,M01,02:30,03:30
J257,M02,02:40,04:40
J258,M05,02:50,03:18
J259,M03,03:00,03:24
J260,M04,03:10,03:57
J261,M01,03:20,05:04
J262,M05,03:30,05:24
J263,M04,03:40,04:18
J264,M04,03:50,05:02
J265,M04,04:00,05:37
J266,M05,04:10,05:46
J267,M02,04:20,06:01
J268,M04,04:30,06:15
J269,M01,04:40,05:05
J270,M04,04:50,06:05
J271,M01,05:00,05:21
J272,M04,05:10,06:05
J273,M01,05:20,06:38
J274,M05,05:30,05:50
J275,M03,05:40,07:14
J276,M02,05:50,07:08
J277,M01,06:00,07:16
J278,M03,06:10,07:08
J279,M04,06:20,07:24
J280,M05,06:30,07:36
J281,M03,06:40,07:39
J282,M03,06:50,07:20
J283,M01,07:00,07:37
J284,M02,07:10,08:21
J285,M01,07:20,09:06
J286,M04,07:30,09:17
J287,M02,07:40,09:15
J288,M02,07:50,08:26
J289,M02,08:00,09:37
J290,M05,08:10,09:31
J291,M03,08:20,08:46
J292,M04,08:30,10:03
J293,M04,08:40,10:23
J294,M03,08:50,10:20
J295,M02,09:00,09:39
J296,M03,09:10,10:26
J297,M01,09:20,10:39
J298,M04,09:30,11:26
J299,M04,09:40,10:03
J300,M04,09:50,10:10
J301,M02,10:00,11:27
J302,M04,10:10,11:02
J303,M05,10:20,10:58
J304,M03,10:30,11:45
J305,M05,10:40,12:09
J306,M03,10:50,12:07
J307,M02,11:00,12:29
J308,M01,11:10,12:00
J309,M03,11:20,12:31
J310,M04,11:30,12:20
J311,M02,11:40,13:05
J312,M04,11:50,13:25
J313,M05,12:00,12:59
J314,M05,12:10,14:03
J315,M05,12:20,13:11
J316,M02,12:30,14:15
J317,M05,12:40,13:50
J318,M02,12:50,14:17
J319,M03,13:00,13:23
J320,M04,13:10,13:49
J321,M01,13:20,14:30
J322,M03,13:30,14:50
J323,M01,13:40,15:10
J324,M05,13:50,14:11
J325,M03,14:00,15:52
J326,M01,14:10,15:10
J327,M04,14:20,15:33
J328,M05,14:30,15:27
J329,M05,14:40,15:54
J330,M01,14:50,15:44
J331,M04,15:00,15:27
J332,M05,15:10,17:04
J333,M02,15:20,16:21
J334,M04,15:30,16:37
J335,M05,15:40,16:39
J336,M05,15:50,16:15
J337,M02,16:00,17:18
J338,M01,16:10,17:21
J339,M03,16:20,17:34
J340,M05,16:30,17:28
J341,M03,16:40,18:16
J342,M04,16:50,18:48
J343,M02,17:00,18:40
J344,M01,17:10,18:44
J345,M05,17:20,17:57
J346,M04,17:30,17:59
J347,M01,17:40,18:53
J348,M02,17:50,19:22
J349,M04,18:00,19:26
J350,M03,18:10,19:27
J351,M04,18:20,19:11
J352,M01,18:30,20:03
J353,M02,18:40,19:16
J354,M03,18:50,19:51
J355,M03,19:00,20:27
J356,M01,19:10,20:51
J357,M05,19:20,21:16
J358,M01,19:30,20:36
J359,M04,19:40,21:10
J360,M05,19:50,20:19
J361,M05,20:00,21:23
J362,M02,20:10,21:00
J363,M04,20:20,22:18
J364,M05,20:30,22:25
J365,M05,20:40,22:26
J366,M03,20:50,21:37
J367,M05,21:00,21:38
J368,M03,21:10,22:13
J369,M04,21:20,22:36
J370,M04,21:30,22:17
J371,M01,21:40,22:12
J372,M03,21:50,23:08
J373,M05,22:00,23:35
J374,M02,22:10,22:58
J375,M05,22:20,00:10
J376,M04,22:30,23:22
J377,M02,22:40,23:41
J378,M01,22:50,23:53
J379,M01,23:00,23:47
J380,M02,23:10,23:56
J381,M01,23:20,00:49
J382,M04,23:30,00:42
J383,M01,23:40,00:45
J384,M01,23:50,00:40
J385,M02,00:00,00:59
J386,M05,00:10,01:23
J387,M01,00:20,01:02
J388,M05,00:30,00:54
J389,M01,00:40,01:51
J390,M04,00:50,02:06
J391,M03,01:00,01:35
J392,M01,01:10,02:46
J393,M01,01:20,02:29
J394,M02,01:30,02:44
J395,M03,01:40,02:46
J396,M02,01:50,02:57
J397,M05,02:00,02:23
J398,M01,02:10,03:32
J399,M05,02:20,03:40
J400,M02,02:30,02:54
J401,M04,02:40,03:29
J402,M04,02:50,04:43
J403,M05,03:00,04:53
J404,M01,03:10,04:39
J405,M03,03:20,05:00
J406,M02,03:30,04:57
J407,M02,03:40,05:40
J408,M03,03:50,04:44
J409,M05,04:00,04:31
J410,M05,04:10,05:43
J411,M03,04:20,05:56
J412,M01,04:30,05:16
J413,M04,04:40,05:02
J414,M03,04:50,05:21
J415,M02,05:00,05:33
J416,M01,05:10,06:57
J417,M01,05:20,06:10
J418,M04,05:30,06:10
J419,M05,05:40,06:23
J420,M02,05:50,07:45
J421,M02,06:00,07:36
J422,M01,06:10,08:09
J423,M05,06:20,08:05
J424,M01,06:30,07:34
J425,M02,06:40,08:30
J426,M05,06:50,08:04
J427,M05,07:00,08:04
J428,M05,07:10,07:47
J429,M01,07:20,08:20
J430,M05,07:30,08:14
J431,M01,07:40,08:28
J432,M03,07:50,09:35
J433,M04,08:00,08:46
J434,M05,08:10,09:37
J435,M02,08:20,09:11
J436,M04,08:30,09:29
J437,M05,08:40,09:37
J438,M04,08:50,10:39
J439,M02,09:00,10:55
J440,M04,09:10,10:48
J441,M04,09:20,10:22
J442,M05,09:30,11:07
J443,M03,09:40,11:29
J444,M03,09:50,10:46
J445,M04,10:00,10:56
J446,M03,10:10,11:12
J447,M01,10:20,11:33
J448,M05,10:30,11:24
J449,M01,10:40,12:38
J450,M05,10:50,12:25
J451,M01,11:00,12:49
J452,M02,11:10,13:00
J453,M03,11:20,13:13
J454,M03,11:30,12:25
J455,M01,11:40,13:27
J456,M05,11:50,13:05
J457,M02,12:00,13:41
J458,M03,12:10,14:00
J459,M02,12:20,13:53
J460,M04,12:30,14:15
J461,M02,12:40,13:30
J462,M05,12:50,13:36
J463,M02,13:00,13:28
J464,M02,13:10,14:42
J465,M01,13:20,13:48
J466,M01,13:30,13:51
J467,M01,13:40,14:17
J468,M05,13:50,14:32
J469,M04,14:00,15:59
J470,M05,14:10,15:06
J471,M01,14:20,14:42
J472,M02,14:30,15:49
J473,M04,14:40,16:00
J474,M04,14:50,15:42
J475,M01,15:00,16:46
J476,M02,15:10,16:33
J477,M01,15:20,15:55
J478,M05,15:30,16:04
J479,M02,15:40,16:46
J480,M01,15:50,16:44
J481,M01,16:00,16:38
J482,M02,16:10,17:23
J483,M03,16:20,16:53
J484,M04,16:30,18:21
J485,M03,16:40,17:14
J486,M03,16:50,17:43
J487,M01,17:00,18:40
J488,M05,17:10,18:45
J489,M04,17:20,17:57
J490,M05,17:30,18:51
J491,M01,17:40,18:16
J492,M04,17:50,18:55
J493,M02,18:00,19:40
J494,M05,18:10,19:21
J495,M01,18:20,19:04
J496,M04,18:30,19:08
J497,M01,18:40,19:03
J498,M01,18:50,20:27
J499,M05,19:00,20:09
J500,M03,19:10,19:58
J501,M02,19:20,20:08
J502,M05,19:30,21:01
J503,M01,19:40,21:10
J504,M01,19:50,21:11
J505,M02,20:00,21:14
J506,M05,20:10,22:07
J507,M01,20:20,20:42
J508,M04,20:30,21:47
J509,M03,20:40,22:23
J510,M01,20:50,21:51
J511,M02,21:00,22:14
J512,M05,21:10,22:48
J513,M03,21:20,22:32
J514,M01,21:30,23:26
J515,M03,21:40,22:20
J516,M01,21:50,22:40
J517,M04,22:00,23:06
J518,M05,22:10,23:11
J519,M02,22:20,23:56
J520,M04,22:30,23:04
J521,M05,22:40,23:42
J522,M04,22:50,23:14
J523,M02,23:00,23:52
J524,M03,23:10,00:12
J525,M01,23:20,00:52
J526,M02,23:30,00:46
J527,M01,23:40,00:47
J528,M03,23:50,00:18
J529,M04,00:00,01:42
J530,M04,00:10,01:37
J531,M01,00:20,01:50
J532,M03,00:30,02:16
J533,M01,00:40,02:32
J534,M02,00:50,01:51
J535,M02,01:00,01:45
J536,M01,01:10,02:50
J537,M02,01:20,02:08
J538,M01,01:30,02:45
J539,M01,01:40,03:36
J540,M05,01:50,02:50
J541,M01,02:00,02:53
J542,M03,02:10,02:57
J543,M05,02:20,03:47
J544,M02,02:30,03:59
J545,M05,02:40,03:30
J546,M04,02:50,04:25
J547,M04,03:00,04:40
J548,M04,03:10,03:31
J549,M04,03:20,04:21
J550,M02,03:30,04:01
J551,M01,03:40,05:05
J552,M01,03:50,04:58
J553,M03,04:00,05:03
J554,M04,04:10,05:43
J555,M02,04:20,04:57
J556,M05,04:30,05:06
J557,M04,04:40,05:24
J558,M03,04:50,05:46
J559,M02,05:00,06:54
J560,M01,05:10,06:29
J561,M04,05:20,06:04
J562,M05,05:30,07:18
J563,M05,05:40,07:00
J564,M02,05:50,07:42
J565,M05,06:00,07:50
J566,M02,06:10,07:58
J567,M01,06:20,07:48
J568,M03,06:30,07:44
J569,M02,06:40,07:32
J570,M03,06:50,07:57
J571,M03,07:00,08:25
J572,M04,07:10,08:40
J573,M03,07:20,08:30
J574,M02,07:30,07:53
J575,M05,07:40,09:40
J576,M03,07:50,08:55
J577,M04,08:00,09:39
J578,M03,08:10,09:34
J579,M03,08:20,09:54
J580,M04,08:30,08:58
J581,M01,08:40,09:47
J582,M03,08:50,10:25
J583,M02,09:00,09:56
J584,M05,09:10,09:42
J585,M05,09:20,10:01
J586,M01,09:30,10:58
J587,M05,09:40,11:00
J588,M04,09:50,11:26
J589,M03,10:00,10:54
J590,M03,10:10,12:00
J591,M05,10:20,11:30
J592,M01,10:30,11:39
J593,M03,10:40,12:07
J594,M05,10:50,12:14
J595,M05,11:00,11:26
J596,M02,11:10,11:31
J597,M04,11:20,12:24
J598,M04,11:30,13:12
J599,M04,11:40,13:05
J600,M01,11:50,12:53
J601,M01,12:00,13:00
J602,M04,12:10,13:29
J603,M03,12:20,13:50
J604,M02,12:30,14:14
J605,M04,12:40,13:05
J606,M01,12:50,14:33
J607,M03,13:00,14:19
J608,M03,13:10,15:08
J609,M03,13:20,14:45
J610,M01,13:30,15:26
J611,M01,13:40,14:50
J612,M03,13:50,15:32
J613,M03,14:00,15:06
J614,M01,14:10,15:27
J615,M02,14:20,15:13
J616,M01,14:30,15:15
J617,M01,14:40,15:46
J618,M02,14:50,16:24
J619,M01,15:00,16:54
J620,M01,15:10,17:02
J621,M05,15:20,16:18
J622,M03,15:30,17:17
J623,M04,15:40,17:29
J624,M03,15:50,16:19
J625,M01,16:00,17:10
J626,M05,16:10,17:02
J627,M01,16:20,17:32
J628,M02,16:30,18:29
J629,M03,16:40,18:32
J630,M05,16:50,17:29
J631,M01,17:00,18:45
J632,M01,17:10,18:01
J633,M03,17:20,18:58
J634,M03,17:30,18:57
J635,M04,17:40,19:23
J636,M05,17:50,19:03
J637,M04,18:00,19:25
J638,M05,18:10,19:43
J639,M05,18:20,20:02
J640,M01,18:30,19:06
J641,M01,18:40,20:33
J642,M04,18:50,19:33
J643,M05,19:00,20:01
J644,M02,19:10,20:37
J645,M01,19:20,20:10
J646,M02,19:30,21:28
J647,M05,19:40,21:17
J648,M01,19:50,20:46
J649,M03,20:00,20:57
J650,M04,20:10,21:50
J651,M01,20:20,20:57
J652,M01,20:30,20:55
J653,M04,20:40,21:01
J654,M02,20:50,21:49
J655,M04,21:00,21:46
J656,M02,21:10,21:33
J657,M03,21:20,23:01
J658,M02,21:30,22:30
J659,M03,21:40,22:41
J660,M01,21:50,23:50
J661,M04,22:00,23:19
J662,M03,22:10,22:40
J663,M03,22:20,00:12
J664,M05,22:30,00:07
J665,M02,22:40,23:25
J666,M01,22:50,00:01
J667,M01,23:00,00:11
J668,M01,23:10,23:39
J669,M03,23:20,23:59
J670,M01,23:30,00:54
J671,M02,23:40,01:36
J672,M02,23:50,00:20
J673,M02,00:00,01:42
J674,M03,00:10,01:49
J675,M03,00:20,00:45
J676,M01,00:30,02:18
J677,M02,00:40,02:31
J678,M03,00:50,01:48
J679,M01,01:00,02:16
J680,M02,01:10,01:34
J681,M04,01:20,02:27
J682,M03,01:30,02:16
J683,M04,01:40,02:26
J684,M03,01:50,02:18
J685,M03,02:00,03:21
J686,M03,02:10,02:47
J687,M02,02:20,03:38
J688,M01,02:30,03:32
J689,M03,02:40,03:05
J690,M05,02:50,03:30
J691,M05,03:00,04:27
J692,M01,03:10,04:33
J693,M03,03:20,04:19
J694,M01,03:30,03:53
J695,M01,03:40,05:00
J696,M01,03:50,05:44
J697,M04,04:00,05:14
J698,M05,04:10,05:06
J699,M03,04:20,05:20
J700,M01,04:30,06:15
J701,M02,04:40,06:34
J702,M05,04:50,05:35
J703,M01,05:00,05:41
J704,M05,05:10,05:49
J705,M03,05:20,06:45
J706,M03,05:30,06:55
J707,M04,05:40,06:21
J708,M05,05:50,07:24
J709,M04,06:00,07:21
J710,M02,06:10,07:27
J711,M04,06:20,06:58
J712,M03,06:30,07:50
J713,M05,06:40,08:00
J714,M04,06:50,07:32
J715,M05,07:00,07:51
J716,M05,07:10,07:37
J717,M02,07:20,08:56
J718,M04,07:30,09:11
J719,M04,07:40,09:12
J720,M01,07:50,09:21
J721,M02,08:00,09:06
J722,M04,08:10,08:50
J723,M04,08:20,10:19
J724,M01,08:30,09:02
J725,M04,08:40,10:37
J726,M05,08:50,10:47
J727,M01,09:00,09:30
J728,M03,09:10,10:17
J729,M04,09:20,10:09
J730,M02,09:30,11:29
J731,M02,09:40,11:35
J732,M04,09:50,10:21
J733,M02,10:00,11:22
J734,M02,10:10,11:21
J735,M01,10:20,11:14
J736,M05,10:30,10:57
J737,M05,10:40,11:00
J738,M01,10:50,12:04
J739,M04,11:00,12:38
J740,M01,11:10,12:08
J741,M01,11:20,11:58
J742,M01,11:30,12:45
J743,M04,11:40,12:33
J744,M02,11:50,13:28
J745,M03,12:00,12:35
J746,M03,12:10,12:40
J747,M05,12:20,12:56
J748,M02,12:30,14:04
J749,M02,12:40,13:49
J750,M05,12:50,14:04
J751,M05,13:00,14:30
J752,M04,13:10,15:00
J753,M01,13:20,14:10
J754,M02,13:30,15:27
J755,M04,13:40,15:40
J756,M03,13:50,14:19
J757,M04,14:00,15:07
J758,M04,14:10,14:42
J759,M04,14:20,16:13
J760,M02,14:30,14:56
J761,M03,14:40,16:07
J762,M04,14:50,16:06
J763,M05,15:00,16:24
J764,M04,15:10,16:47
J765,M03,15:20,15:41
J766,M04,15:30,17:08
J767,M03,15:40,17:32
J768,M04,15:50,17:17
J769,M01,16:00,16:59
J770,M05,16:10,17:55
J771,M05,16:20,18:03
J772,M04,16:30,17:41
J773,M05,16:40,18:40
J774,M01,16:50,17:59
J775,M03,17:00,17:34
J776,M03,17:10,19:08
J777,M02,17:20,18:04
J778,M03,17:30,18:45
J779,M01,17:40,18:44
J780,M03,17:50,18:21
J781,M05,18:00,19:43
J782,M02,18:10,18:52
J783,M01,18:20,19:33
J784,M02,18:30,20:28
J785,M04,18:40,20:17
J786,M05,18:50,20:40
J787,M02,19:00,20:32
J788,M04,19:10,20:35
J789,M02,19:20,19:45
J790,M05,19:30,19:58
J791,M03,19:40,21:26
J792,M04,19:50,21:00
J793,M03,20:00,21:39
J794,M05,20:10,21:43
J795,M01,20:20,22:09
J796,M01,20:30,22:29
J797,M02,20:40,22:19
J798,M03,20:50,21:34
J799,M05,21:00,22:44
J800,M01,21:10,23:06
J801,M03,21:20,22:15
J802,M01,21:30,23:24
J803,M02,21:40,23:24
J804,M03,21:50,22:24
J805,M03,22:00,22:54
J806,M02,22:10,00:00
J807,M05,22:20,23:59
J808,M05,22:30,00:24
J809,M01,22:40,00:13
J810,M04,22:50,00:14
J811,M01,23:00,23:29
J812,M05,23:10,23:34
J813,M05,23:20,01:19
J814,M02,23:30,01:14
J815,M04,23:40,01:23
J816,M05,23:50,00:24
J817,M02,00:00,01:06
J818,M01,00:10,01:11
J819,M05,00:20,01:32
J820,M04,00:30,02:19
J821,M04,00:40,01:04
J822,M01,00:50,02:20
J823,M01,01:00,02:34
J824,M05,01:10,02:43
J825,M02,01:20,01:53
J826,M03,01:30,02:37
J827,M01,01:40,03:19
J828,M03,01:50,02:48
J829,M03,02:00,03:30
J830,M04,02:10,02:34
J831,M05,02:20,03:40
J832,M01,02:30,04:10
J833,M02,02:40,04:09
J834,M04,02:50,04:01
J835,M01,03:00,04:00
J836,M03,03:10,04:58
J837,M05,03:20,04:12
J838,M02,03:30,05:12
J839,M05,03:40,04:54
J840,M02,03:50,05:48
J841,M04,04:00,05:31
J842,M01,04:10,05:38
J843,M05,04:20,05:21
J844,M04,04:30,05:28
J845,M04,04:40,05:20
J846,M01,04:50,06:21
J847,M04,05:00,06:13
J848,M02,05:10,06:36
J849,M05,05:20,06:13
J850,M05,05:30,07:21
J851,M02,05:40,06:10
J852,M02,05:50,06:58
J853,M03,06:00,07:26
J854,M05,06:10,07:18
J855,M04,06:20,07:50
J856,M04,06:30,07:32
J857,M04,06:40,07:42
J858,M03,06:50,08:44
J859,M04,07:00,07:28
J860,M04,07:10,08:52
J861,M03,07:20,08:28
J862,M01,07:30,08:26
J863,M03,07:40,08:57
J864,M02,07:50,09:09
J865,M04,08:00,09:17
J866,M01,08:10,08:43
J867,M02,08:20,09:41
J868,M04,08:30,09:03
J869,M04,08:40,09:19
J870,M01,08:50,10:09
J871,M03,09:00,10:12
J872,M03,09:10,10:41
J873,M02,09:20,11:09
J874,M03,09:30,10:44
J875,M03,09:40,11:05
J876,M02,09:50,10:45
J877,M05,10:00,10:23
J878,M05,10:10,12:06
J879,M05,10:20,11:12
J880,M02,10:30,11:34
J881,M03,10:40,12:25
J882,M05,10:50,11:50
J883,M02,11:00,11:43
J884,M02,11:10,11:42
J885,M05,11:20,12:05
J886,M04,11:30,11:55
J887,M04,11:40,13:25
J888,M02,11:50,13:12
J889,M03,12:00,13:18
J890,M01,12:10,12:40
J891,M02,12:20,14:04
J892,M02,12:30,13:13
J893,M04,12:40,14:35
J894,M01,12:50,13:58
J895,M05,13:00,14:22
J896,M04,13:10,14:59
J897,M05,13:20,14:20
J898,M05,13:30,13:50
J899,M03,13:40,14:55
J900,M03,13:50,14:49
J901,M05,14:00,15:34
J902,M03,14:10,15:53
J903,M03,14:20,15:55
J904,M05,14:30,15:35
J905,M03,14:40,15:28
J906,M01,14:50,15:50
J907,M02,15:00,16:30
J908,M02,15:10,16:56
J909,M04,15:20,17:16
J910,M02,15:30,16:08
J911,M03,15:40,17:32
J912,M04,15:50,17:02
J913,M05,16:00,16:31
J914,M03,16:10,17:22
J915,M02,16:20,17:43
J916,M01,16:30,17:01
J917,M04,16:40,17:20
J918,M04,16:50,18:46
J919,M05,17:00,17:48
J920,M04,17:10,17:53
J921,M01,17:20,18:50
J922,M02,17:30,18:16
J923,M02,17:40,19:11
J924,M04,17:50,19:14
J925,M02,18:00,18:30
J926,M05,18:10,20:05
J927,M01,18:20,19:20
J928,M02,18:30,20:10
J929,M01,18:40,20:15
J930,M03,18:50,20:31
J931,M03,19:00,19:55
J932,M01,19:10,19:51
J933,M02,19:20,20:09
J934,M05,19:30,20:58
J935,M02,19:40,21:01
J936,M05,19:50,20:12
J937,M02,20:00,21:43
J938,M02,20:10,20:57
J939,M02,20:20,21:10
J940,M01,20:30,21:57
J941,M02,20:40,22:25
J942,M04,20:50,21:10
J943,M04,21:00,22:11
J944,M02,21:10,21:53
J945,M04,21:20,21:53
J946,M01,21:30,22:15
J947,M02,21:40,23:08
J948,M02,21:50,23:30
J949,M03,22:00,22:57
J950,M04,22:10,23:42
J951,M05,22:20,23:41
J952,M02,22:30,22:54
J953,M03,22:40,00:23
J954,M01,22:50,23:29
J955,M04,23:00,23:55
J956,M01,23:10,00:01
J957,M02,23:20,00:50
J958,M05,23:30,00:14
J959,M04,23:40,01:04
J960,M04,23:50,01:18
J961,M04,00:00,01:33
J962,M01,00:10,01:17
J963,M04,00:20,02:01
J964,M03,00:30,01:36
J965,M02,00:40,01:23
J966,M02,00:50,02:44
J967,M05,01:00,02:04
J968,M03,01:10,01:42
J969,M02,01:20,01:52
J970,M04,01:30,02:45
J971,M02,01:40,03:39
J972,M03,01:50,02:49
J973,M02,02:00,03:01
J974,M05,02:10,02:51
J975,M03,02:20,03:53
J976,M05,02:30,04:11
J977,M01,02:40,03:58
J978,M02,02:50,04:28
J979,M02,03:00,04:40
J980,M03,03:10,04:21
J981,M02,03:20,04:40
J982,M01,03:30,03:57
J983,M05,03:40,04:26
J984,M04,03:50,05:04
J985,M02,04:00,05:43
J986,M05,04:10,05:10
J987,M02,04:20,06:20
J988,M04,04:30,06:14
J989,M03,04:40,06:09
J990,M03,04:50,06:17
J991,M02,05:00,05:36
J992,M01,05:10,06:33
J993,M05,05:20,07:05
J994,M05,05:30,07:04
J995,M03,05:40,07:38
J996,M02,05:50,06:40
J997,M05,06:00,07:00
J998,M03,06:10,07:52
J999,M02,06:20,07:35
J1000,M05,06:30,08:21
