job_id,machine_id,scheduled_start,scheduled_end
J001,M01,2023-03-18 08:00:00,2023-03-18 09:16:00
J002,M01,2023-03-18 08:10:00,2023-03-18 09:29:00
J003,M04,2023-03-18 08:20:00,2023-03-18 09:16:00
J004,M04,2023-03-18 08:30:00,2023-03-18 10:16:00
J005,M01,2023-03-18 08:40:00,2023-03-18 09:26:00
J006,M02,2023-03-18 08:50:00,2023-03-18 10:30:00
J007,M04,2023-03-18 09:00:00,2023-03-18 09:22:00
J008,M05,2023-03-18 09:10:00,2023-03-18 10:29:00
J009,M02,2023-03-18 09:20:00,2023-03-18 10:02:00
J010,M01,2023-03-18 09:30:00,2023-03-18 09:57:00
J011,M01,2023-03-18 09:40:00,2023-03-18 10:45:00
J012,M03,2023-03-18 09:50:00,2023-03-18 10:18:00
J013,M03,2023-03-18 10:00:00,2023-03-18 10:43:00
J014,M04,2023-03-18 10:10:00,2023-03-18 12:02:00
J015,M05,2023-03-18 10:20:00,2023-03-18 12:04:00
J016,M01,2023-03-18 10:30:00,2023-03-18 11:35:00
J017,M03,2023-03-18 10:40:00,2023-03-18 12:35:00
J018,M05,2023-03-18 10:50:00,2023-03-18 11:45:00
J019,M02,2023-03-18 11:00:00,2023-03-18 11:52:00
J020,M05,2023-03-18 11:10:00,2023-03-18 11:52:00
J021,M02,2023-03-18 11:20:00,2023-03-18 13:07:00
J022,M03,2023-03-18 11:30:00,2023-03-18 12:34:00
J023,M01,2023-03-18 11:40:00,2023-03-18 13:18:00
J024,M02,2023-03-18 11:50:00,2023-03-18 13:14:00
J025,M04,2023-03-18 12:00:00,2023-03-18 13:59:00
J026,M01,2023-03-18 12:10:00,2023-03-18 12:31:00
J027,M03,2023-03-18 12:20:00,2023-03-18 13:47:00
J028,M03,2023-03-18 12:30:00,2023-03-18 14:03:00
J029,M02,2023-03-18 12:40:00,2023-03-18 14:36:00
J030,M05,2023-03-18 12:50:00,2023-03-18 13:56:00
J031,M03,2023-03-18 13:00:00,2023-03-18 13:37:00
J032,M03,2023-03-18 13:10:00,2023-03-18 14:28:00
J033,M04,2023-03-18 13:20:00,2023-03-18 15:03:00
J034,M01,2023-03-18 13:30:00,2023-03-18 15:20:00
J035,M02,2023-03-18 13:40:00,2023-03-18 14:27:00
J036,M04,2023-03-18 13:50:00,2023-03-18 15:29:00
J037,M01,2023-03-18 14:00:00,2023-03-18 15:19:00
J038,M01,2023-03-18 14:10:00,2023-03-18 14:53:00
J039,M02,2023-03-18 14:20:00,2023-03-18 15:08:00
J040,M01,2023-03-18 14:30:00,2023-03-18 15:20:00
J041,M04,2023-03-18 14:40:00,2023-03-18 16:08:00
J042,M04,2023-03-18 14:50:00,2023-03-18 15:38:00
J043,M03,2023-03-18 15:00:00,2023-03-18 16:15:00
J044,M02,2023-03-18 15:10:00,2023-03-18 16:59:00
J045,M02,2023-03-18 15:20:00,2023-03-18 16:38:00
J046,M03,2023-03-18 15:30:00,2023-03-18 16:00:00
J047,M02,2023-03-18 15:40:00,2023-03-18 16:05:00
J048,M02,2023-03-18 15:50:00,2023-03-18 17:05:00
J049,M02,2023-03-18 16:00:00,2023-03-18 16:33:00
J050,M01,2023-03-18 16:10:00,2023-03-18 17:54:00
J051,M04,2023-03-18 16:20:00,2023-03-18 16:44:00
J052,M05,2023-03-18 16:30:00,2023-03-18 16:53:00
J053,M02,2023-03-18 16:40:00,2023-03-18 18:17:00
J054,M05,2023-03-18 16:50:00,2023-03-18 17:54:00
J055,M05,2023-03-18 17:00:00,2023-03-18 18:56:00
J056,M01,2023-03-18 17:10:00,2023-03-18 18:54:00
J057,M02,2023-03-18 17:20:00,2023-03-18 17:51:00
J058,M01,2023-03-18 17:30:00,2023-03-18 18:53:00
J059,M05,2023-03-18 17:40:00,2023-03-18 18:42:00
J060,M01,2023-03-18 17:50:00,2023-03-18 18:56:00
J061,M02,2023-03-18 18:00:00,2023-03-18 19:50:00
J062,M02,2023-03-18 18:10:00,2023-03-18 19:48:00
J063,M02,2023-03-18 18:20:00,2023-03-18 19:07:00
J064,M02,2023-03-18 18:30:00,2023-03-18 19:41:00
J065,M03,2023-03-18 18:40:00,2023-03-18 19:03:00
J066,M03,2023-03-18 18:50:00,2023-03-18 19:42:00
J067,M02,2023-03-18 19:00:00,2023-03-18 19:23:00
J068,M02,2023-03-18 19:10:00,2023-03-18 21:06:00
J069,M04,2023-03-18 19:20:00,2023-03-18 19:49:00
J070,M04,2023-03-18 19:30:00,2023-03-18 20:24:00
J071,M04,2023-03-18 19:40:00,2023-03-18 20:05:00
J072,M05,2023-03-18 19:50:00,2023-03-18 20:58:00
J073,M04,2023-03-18 20:00:00,2023-03-18 21:52:00
J074,M04,2023-03-18 20:10:00,2023-03-18 21:15:00
J075,M05,2023-03-18 20:20:00,2023-03-18 21:45:00
J076,M01,2023-03-18 20:30:00,2023-03-18 22:09:00
J077,M01,2023-03-18 20:40:00,2023-03-18 21:42:00
J078,M02,2023-03-18 20:50:00,2023-03-18 22:37:00
J079,M05,2023-03-18 21:00:00,2023-03-18 22:24:00
J080,M04,2023-03-18 21:10:00,2023-03-18 22:32:00
J081,M02,2023-03-18 21:20:00,2023-03-18 22:29:00
J082,M01,2023-03-18 21:30:00,2023-03-18 21:54:00
J083,M03,2023-03-18 21:40:00,2023-03-18 22:39:00
J084,M05,2023-03-18 21:50:00,2023-03-18 23:07:00
J085,M02,2023-03-18 22:00:00,2023-03-18 22:44:00
J086,M05,2023-03-18 22:10:00,2023-03-18 23:27:00
J087,M03,2023-03-18 22:20:00,2023-03-18 23:19:00
J088,M04,2023-03-18 22:30:00,2023-03-18 23:30:00
J089,M04,2023-03-18 22:40:00,2023-03-18 23:35:00
J090,M02,2023-03-18 22:50:00,2023-03-18 23:17:00
J091,M02,2023-03-18 23:00:00,2023-03-19 00:00:00
J092,M03,2023-03-18 23:10:00,2023-03-19 00:40:00
J093,M03,2023-03-18 23:20:00,2023-03-19 00:46:00
J094,M05,2023-03-18 23:30:00,2023-03-19 00:21:00
J095,M03,2023-03-18 23:40:00,2023-03-19 01:33:00
J096,M05,2023-03-18 23:50:00,2023-03-19 01:40:00
J097,M04,2023-03-19 00:00:00,2023-03-19 00:57:00
J098,M03,2023-03-19 00:10:00,2023-03-19 01:41:00
J099,M05,2023-03-19 00:20:00,2023-03-19 00:53:00
J100,M02,2023-03-19 00:30:00,2023-03-19 00:57:00
J101,M05,2023-03-19 00:40:00,2023-03-19 01:17:00
J102,M04,2023-03-19 00:50:00,2023-03-19 02:40:00
J103,M05,2023-03-19 01:00:00,2023-03-19 02:45:00
J104,M05,2023-03-19 01:10:00,2023-03-19 02:12:00
J105,M03,2023-03-19 01:20:00,2023-03-19 02:03:00
J106,M03,2023-03-19 01:30:00,2023-03-19 03:17:00
J107,M04,2023-03-19 01:40:00,2023-03-19 03:23:00
J108,M05,2023-03-19 01:50:00,2023-03-19 03:08:00
J109,M05,2023-03-19 02:00:00,2023-03-19 03:42:00
J110,M05,2023-03-19 02:10:00,2023-03-19 03:57:00
J111,M01,2023-03-19 02:20:00,2023-03-19 04:19:00
J112,M02,2023-03-19 02:30:00,2023-03-19 03:44:00
J113,M01,2023-03-19 02:40:00,2023-03-19 04:23:00
J114,M01,2023-03-19 02:50:00,2023-03-19 04:46:00
J115,M04,2023-03-19 03:00:00,2023-03-19 04:54:00
J116,M04,2023-03-19 03:10:00,2023-03-19 04:27:00
J117,M02,2023-03-19 03:20:00,2023-03-19 04:27:00
J118,M02,2023-03-19 03:30:00,2023-03-19 04:38:00
J119,M04,2023-03-19 03:40:00,2023-03-19 04:38:00
J120,M04,2023-03-19 03:50:00,2023-03-19 04:23:00
J121,M05,2023-03-19 04:00:00,2023-03-19 04:39:00
J122,M02,2023-03-19 04:10:00,2023-03-19 05:52:00
J123,M04,2023-03-19 04:20:00,2023-03-19 05:45:00
J124,M01,2023-03-19 04:30:00,2023-03-19 05:10:00
J125,M02,2023-03-19 04:40:00,2023-03-19 05:56:00
J126,M01,2023-03-19 04:50:00,2023-03-19 06:00:00
J127,M04,2023-03-19 05:00:00,2023-03-19 05:27:00
J128,M04,2023-03-19 05:10:00,2023-03-19 05:50:00
J129,M05,2023-03-19 05:20:00,2023-03-19 06:05:00
J130,M02,2023-03-19 05:30:00,2023-03-19 06:48:00
J131,M04,2023-03-19 05:40:00,2023-03-19 06:58:00
J132,M01,2023-03-19 05:50:00,2023-03-19 07:00:00
J133,M01,2023-03-19 06:00:00,2023-03-19 07:25:00
J134,M03,2023-03-19 06:10:00,2023-03-19 07:21:00
J135,M01,2023-03-19 06:20:00,2023-03-19 06:43:00
J136,M04,2023-03-19 06:30:00,2023-03-19 07:48:00
J137,M01,2023-03-19 06:40:00,2023-03-19 08:11:00
J138,M03,2023-03-19 06:50:00,2023-03-19 07:55:00
J139,M03,2023-03-19 07:00:00,2023-03-19 07:45:00
J140,M05,2023-03-19 07:10:00,2023-03-19 08:50:00
J141,M03,2023-03-19 07:20:00,2023-03-19 09:00:00
J142,M03,2023-03-19 07:30:00,2023-03-19 09:20:00
J143,M03,2023-03-19 07:40:00,2023-03-19 08:13:00
J144,M03,2023-03-19 07:50:00,2023-03-19 08:37:00
J145,M05,2023-03-19 08:00:00,2023-03-19 08:22:00
J146,M01,2023-03-19 08:10:00,2023-03-19 09:12:00
J147,M03,2023-03-19 08:20:00,2023-03-19 08:49:00
J148,M01,2023-03-19 08:30:00,2023-03-19 09:09:00
J149,M05,2023-03-19 08:40:00,2023-03-19 10:20:00
J150,M03,2023-03-19 08:50:00,2023-03-19 09:43:00
J151,M02,2023-03-19 09:00:00,2023-03-19 09:20:00
J152,M05,2023-03-19 09:10:00,2023-03-19 10:56:00
J153,M05,2023-03-19 09:20:00,2023-03-19 10:26:00
J154,M02,2023-03-19 09:30:00,2023-03-19 11:21:00
J155,M03,2023-03-19 09:40:00,2023-03-19 10:20:00
J156,M04,2023-03-19 09:50:00,2023-03-19 10:59:00
J157,M03,2023-03-19 10:00:00,2023-03-19 10:59:00
J158,M05,2023-03-19 10:10:00,2023-03-19 12:03:00
J159,M02,2023-03-19 10:20:00,2023-03-19 11:06:00
J160,M01,2023-03-19 10:30:00,2023-03-19 12:28:00
J161,M04,2023-03-19 10:40:00,2023-03-19 11:34:00
J162,M01,2023-03-19 10:50:00,2023-03-19 11:48:00
J163,M01,2023-03-19 11:00:00,2023-03-19 11:43:00
J164,M05,2023-03-19 11:10:00,2023-03-19 12:06:00
J165,M04,2023-03-19 11:20:00,2023-03-19 11:49:00
J166,M04,2023-03-19 11:30:00,2023-03-19 12:31:00
J167,M01,2023-03-19 11:40:00,2023-03-19 12:15:00
J168,M03,2023-03-19 11:50:00,2023-03-19 12:27:00
J169,M03,2023-03-19 12:00:00,2023-03-19 12:23:00
J170,M03,2023-03-19 12:10:00,2023-03-19 13:52:00
J171,M05,2023-03-19 12:20:00,2023-03-19 13:32:00
J172,M02,2023-03-19 12:30:00,2023-03-19 13:51:00
J173,M02,2023-03-19 12:40:00,2023-03-19 13:44:00
J174,M01,2023-03-19 12:50:00,2023-03-19 14:43:00
J175,M04,2023-03-19 13:00:00,2023-03-19 13:40:00
J176,M05,2023-03-19 13:10:00,2023-03-19 14:50:00
J177,M02,2023-03-19 13:20:00,2023-03-19 14:57:00
J178,M01,2023-03-19 13:30:00,2023-03-19 14:52:00
J179,M03,2023-03-19 13:40:00,2023-03-19 15:15:00
J180,M02,2023-03-19 13:50:00,2023-03-19 14:59:00
J181,M02,2023-03-19 14:00:00,2023-03-19 15:35:00
J182,M01,2023-03-19 14:10:00,2023-03-19 15:29:00
J183,M04,2023-03-19 14:20:00,2023-03-19 16:06:00
J184,M04,2023-03-19 14:30:00,2023-03-19 15:59:00
J185,M04,2023-03-19 14:40:00,2023-03-19 15:30:00
J186,M01,2023-03-19 14:50:00,2023-03-19 16:00:00
J187,M04,2023-03-19 15:00:00,2023-03-19 16:50:00
J188,M02,2023-03-19 15:10:00,2023-03-19 16:40:00
J189,M03,2023-03-19 15:20:00,2023-03-19 16:10:00
J190,M04,2023-03-19 15:30:00,2023-03-19 16:20:00
J191,M01,2023-03-19 15:40:00,2023-03-19 17:34:00
J192,M03,2023-03-19 15:50:00,2023-03-19 17:30:00
J193,M04,2023-03-19 16:00:00,2023-03-19 17:20:00
J194,M03,2023-03-19 16:10:00,2023-03-19 17:07:00
J195,M02,2023-03-19 16:20:00,2023-03-19 17:48:00
J196,M02,2023-03-19 16:30:00,2023-03-19 17:26:00
J197,M05,2023-03-19 16:40:00,2023-03-19 17:01:00
J198,M04,2023-03-19 16:50:00,2023-03-19 18:04:00
J199,M04,2023-03-19 17:00:00,2023-03-19 18:30:00
J200,M02,2023-03-19 17:10:00,2023-03-19 18:34:00
J201,M04,2023-03-19 17:20:00,2023-03-19 18:12:00
J202,M02,2023-03-19 17:30:00,2023-03-19 18:52:00
J203,M05,2023-03-19 17:40:00,2023-03-19 18:41:00
J204,M02,2023-03-19 17:50:00,2023-03-19 19:43:00
J205,M04,2023-03-19 18:00:00,2023-03-19 19:29:00
J206,M04,2023-03-19 18:10:00,2023-03-19 19:39:00
J207,M05,2023-03-19 18:20:00,2023-03-19 18:41:00
J208,M01,2023-03-19 18:30:00,2023-03-19 18:50:00
J209,M01,2023-03-19 18:40:00,2023-03-19 20:26:00
J210,M04,2023-03-19 18:50:00,2023-03-19 20:06:00
J211,M03,2023-03-19 19:00:00,2023-03-19 19:25:00
J212,M01,2023-03-19 19:10:00,2023-03-19 20:46:00
J213,M03,2023-03-19 19:20:00,2023-03-19 20:13:00
J214,M04,2023-03-19 19:30:00,2023-03-19 20:06:00
J215,M02,2023-03-19 19:40:00,2023-03-19 20:23:00
J216,M01,2023-03-19 19:50:00,2023-03-19 20:32:00
J217,M02,2023-03-19 20:00:00,2023-03-19 21:49:00
J218,M05,2023-03-19 20:10:00,2023-03-19 21:21:00
J219,M05,2023-03-19 20:20:00,2023-03-19 22:07:00
J220,M05,2023-03-19 20:30:00,2023-03-19 21:40:00
J221,M02,2023-03-19 20:40:00,2023-03-19 22:15:00
J222,M03,2023-03-19 20:50:00,2023-03-19 22:49:00
J223,M01,2023-03-19 21:00:00,2023-03-19 21:58:00
J224,M05,2023-03-19 21:10:00,2023-03-19 22:35:00
J225,M03,2023-03-19 21:20:00,2023-03-19 21:42:00
J226,M04,2023-03-19 21:30:00,2023-03-19 23:15:00
J227,M05,2023-03-19 21:40:00,2023-03-19 23:29:00
J228,M02,2023-03-19 21:50:00,2023-03-19 23:07:00
J229,M01,2023-03-19 22:00:00,2023-03-19 22:59:00
J230,M01,2023-03-19 22:10:00,2023-03-19 23:15:00
J231,M02,2023-03-19 22:20:00,2023-03-19 22:56:00
J232,M01,2023-03-19 22:30:00,2023-03-20 00:16:00
J233,M04,2023-03-19 22:40:00,2023-03-20 00:08:00
J234,M01,2023-03-19 22:50:00,2023-03-20 00:41:00
J235,M03,2023-03-19 23:00:00,2023-03-19 23:56:00
J236,M02,2023-03-19 23:10:00,2023-03-19 23:36:00
J237,M01,2023-03-19 23:20:00,2023-03-20 00:43:00
J238,M05,2023-03-19 23:30:00,2023-03-20 01:05:00
J239,M03,2023-03-19 23:40:00,2023-03-20 01:09:00
J240,M02,2023-03-19 23:50:00,2023-03-20 00:12:00
J241,M01,2023-03-20 00:00:00,2023-03-20 01:35:00
J242,M05,2023-03-20 00:10:00,2023-03-20 01:52:00
J243,M02,2023-03-20 00:20:00,2023-03-20 01:16:00
J244,M03,2023-03-20 00:30:00,2023-03-20 01:12:00
J245,M02,2023-03-20 00:40:00,2023-03-20 01:05:00
J246,M01,2023-03-20 00:50:00,2023-03-20 01:30:00
J247,M02,2023-03-20 01:00:00,2023-03-20 02:24:00
J248,M01,2023-03-20 01:10:00,2023-03-20 02:01:00
J249,M03,2023-03-20 01:20:00,2023-03-20 02:27:00
J250,M02,2023-03-20 01:30:00,2023-03-20 02:49:00
J251,M01,2023-03-20 01:40:00,2023-03-20 02:01:00
J252,M05,2023-03-20 01:50:00,2023-03-20 02:28:00
J253,M01,2023-03-20 02:00:00,2023-03-20 02:43:00
J254,M05,2023-03-20 02:10:00,2023-03-20 02:48:00
J255,M01,2023-03-20 02:20:00,2023-03-20 02:58:00
J256,M01,2023-03-20 02:30:00,2023-03-20 03:30:00
J257,M02,2023-03-20 02:40:00,2023-03-20 04:40:00
J258,M05,2023-03-20 02:50:00,2023-03-20 03:18:00
J259,M03,2023-03-20 03:00:00,2023-03-20 03:24:00
J260,M04,2023-03-20 03:10:00,2023-03-20 03:57:00
J261,M01,2023-03-20 03:20:00,2023-03-20 05:04:00
J262,M05,2023-03-20 03:30:00,2023-03-20 05:24:00
J263,M04,2023-03-20 03:40:00,2023-03-20 04:18:00
J264,M04,2023-03-20 03:50:00,2023-03-20 05:02:00
J265,M04,2023-03-20 04:00:00,2023-03-20 05:37:00
J266,M05,2023-03-20 04:10:00,2023-03-20 05:46:00
J267,M02,2023-03-20 04:20:00,2023-03-20 06:01:00
J268,M04,2023-03-20 04:30:00,2023-03-20 06:15:00
J269,M01,2023-03-20 04:40:00,2023-03-20 05:05:00
J270,M04,2023-03-20 04:50:00,2023-03-20 06:05:00
J271,M01,2023-03-20 05:00:00,2023-03-20 05:21:00
J272,M04,2023-03-20 05:10:00,2023-03-20 06:05:00
J273,M01,2023-03-20 05:20:00,2023-03-20 06:38:00
J274,M05,2023-03-20 05:30:00,2023-03-20 05:50:00
J275,M03,2023-03-20 05:40:00,2023-03-20 07:14:00
J276,M02,2023-03-20 05:50:00,2023-03-20 07:08:00
J277,M01,2023-03-20 06:00:00,2023-03-20 07:16:00
J278,M03,2023-03-20 06:10:00,2023-03-20 07:08:00
J279,M04,2023-03-20 06:20:00,2023-03-20 07:24:00
J280,M05,2023-03-20 06:30:00,2023-03-20 07:36:00
J281,M03,2023-03-20 06:40:00,2023-03-20 07:39:00
J282,M03,2023-03-20 06:50:00,2023-03-20 07:20:00
J283,M01,2023-03-20 07:00:00,2023-03-20 07:37:00
J284,M02,2023-03-20 07:10:00,2023-03-20 08:21:00
J285,M01,2023-03-20 07:20:00,2023-03-20 09:06:00
J286,M04,2023-03-20 07:30:00,2023-03-20 09:17:00
J287,M02,2023-03-20 07:40:00,2023-03-20 09:15:00
J288,M02,2023-03-20 07:50:00,2023-03-20 08:26:00
J289,M02,2023-03-20 08:00:00,2023-03-20 09:37:00
J290,M05,2023-03-20 08:10:00,2023-03-20 09:31:00
J291,M03,2023-03-20 08:20:00,2023-03-20 08:46:00
J292,M04,2023-03-20 08:30:00,2023-03-20 10:03:00
J293,M04,2023-03-20 08:40:00,2023-03-20 10:23:00
J294,M03,2023-03-20 08:50:00,2023-03-20 10:20:00
J295,M02,2023-03-20 09:00:00,2023-03-20 09:39:00
J296,M03,2023-03-20 09:10:00,2023-03-20 10:26:00
J297,M01,2023-03-20 09:20:00,2023-03-20 10:39:00
J298,M04,2023-03-20 09:30:00,2023-03-20 11:26:00
J299,M04,2023-03-20 09:40:00,2023-03-20 10:03:00
J300,M04,2023-03-20 09:50:00,2023-03-20 10:10:00
J301,M02,2023-03-20 10:00:00,2023-03-20 11:27:00
J302,M04,2023-03-20 10:10:00,2023-03-20 11:02:00
J303,M05,2023-03-20 10:20:00,2023-03-20 10:58:00
J304,M03,2023-03-20 10:30:00,2023-03-20 11:45:00
J305,M05,2023-03-20 10:40:00,2023-03-20 12:09:00
J306,M03,2023-03-20 10:50:00,2023-03-20 12:07:00
J307,M02,2023-03-20 11:00:00,2023-03-20 12:29:00
J308,M01,2023-03-20 11:10:00,2023-03-20 12:00:00
J309,M03,2023-03-20 11:20:00,2023-03-20 12:31:00
J310,M04,2023-03-20 11:30:00,2023-03-20 12:20:00
J311,M02,2023-03-20 11:40:00,2023-03-20 13:05:00
J312,M04,2023-03-20 11:50:00,2023-03-20 13:25:00
J313,M05,2023-03-20 12:00:00,2023-03-20 12:59:00
J314,M05,2023-03-20 12:10:00,2023-03-20 14:03:00
J315,M05,2023-03-20 12:20:00,2023-03-20 13:11:00
J316,M02,2023-03-20 12:30:00,2023-03-20 14:15:00
J317,M05,2023-03-20 12:40:00,2023-03-20 13:50:00
J318,M02,2023-03-20 12:50:00,2023-03-20 14:17:00
J319,M03,2023-03-20 13:00:00,2023-03-20 13:23:00
J320,M04,2023-03-20 13:10:00,2023-03-20 13:49:00
J321,M01,2023-03-20 13:20:00,2023-03-20 14:30:00
J322,M03,2023-03-20 13:30:00,2023-03-20 14:50:00
J323,M01,2023-03-20 13:40:00,2023-03-20 15:10:00
J324,M05,2023-03-20 13:50:00,2023-03-20 14:11:00
J325,M03,2023-03-20 14:00:00,2023-03-20 15:52:00
J326,M01,2023-03-20 14:10:00,2023-03-20 15:10:00
J327,M04,2023-03-20 14:20:00,2023-03-20 15:33:00
J328,M05,2023-03-20 14:30:00,2023-03-20 15:27:00
J329,M05,2023-03-20 14:40:00,2023-03-20 15:54:00
J330,M01,2023-03-20 14:50:00,2023-03-20 15:44:00
J331,M04,2023-03-20 15:00:00,2023-03-20 15:27:00
J332,M05,2023-03-20 15:10:00,2023-03-20 17:04:00
J333,M02,2023-03-20 15:20:00,2023-03-20 16:21:00
J334,M04,2023-03-20 15:30:00,2023-03-20 16:37:00
J335,M05,2023-03-20 15:40:00,2023-03-20 16:39:00
J336,M05,2023-03-20 15:50:00,2023-03-20 16:15:00
J337,M02,2023-03-20 16:00:00,2023-03-20 17:18:00
J338,M01,2023-03-20 16:10:00,2023-03-20 17:21:00
J339,M03,2023-03-20 16:20:00,2023-03-20 17:34:00
J340,M05,2023-03-20 16:30:00,2023-03-20 17:28:00
J341,M03,2023-03-20 16:40:00,2023-03-20 18:16:00
J342,M04,2023-03-20 16:50:00,2023-03-20 18:48:00
J343,M02,2023-03-20 17:00:00,2023-03-20 18:40:00
J344,M01,2023-03-20 17:10:00,2023-03-20 18:44:00
J345,M05,2023-03-20 17:20:00,2023-03-20 17:57:00
J346,M04,2023-03-20 17:30:00,2023-03-20 17:59:00
J347,M01,2023-03-20 17:40:00,2023-03-20 18:53:00
J348,M02,2023-03-20 17:50:00,2023-03-20 19:22:00
J349,M04,2023-03-20 18:00:00,2023-03-20 19:26:00
J350,M03,2023-03-20 18:10:00,2023-03-20 19:27:00
J351,M04,2023-03-20 18:20:00,2023-03-20 19:11:00
J352,M01,2023-03-20 18:30:00,2023-03-20 20:03:00
J353,M02,2023-03-20 18:40:00,2023-03-20 19:16:00
J354,M03,2023-03-20 18:50:00,2023-03-20 19:51:00
J355,M03,2023-03-20 19:00:00,2023-03-20 20:27:00
J356,M01,2023-03-20 19:10:00,2023-03-20 20:51:00
J357,M05,2023-03-20 19:20:00,2023-03-20 21:16:00
J358,M01,2023-03-20 19:30:00,2023-03-20 20:36:00
J359,M04,2023-03-20 19:40:00,2023-03-20 21:10:00
J360,M05,2023-03-20 19:50:00,2023-03-20 20:19:00
J361,M05,2023-03-20 20:00:00,2023-03-20 21:23:00
J362,M02,2023-03-20 20:10:00,2023-03-20 21:00:00
J363,M04,2023-03-20 20:20:00,2023-03-20 22:18:00
J364,M05,2023-03-20 20:30:00,2023-03-20 22:25:00
J365,M05,2023-03-20 20:40:00,2023-03-20 22:26:00
J366,M03,2023-03-20 20:50:00,2023-03-20 21:37:00
J367,M05,2023-03-20 21:00:00,2023-03-20 21:38:00
J368,M03,2023-03-20 21:10:00,2023-03-20 22:13:00
J369,M04,2023-03-20 21:20:00,2023-03-20 22:36:00
J370,M04,2023-03-20 21:30:00,2023-03-20 22:17:00
J371,M01,2023-03-20 21:40:00,2023-03-20 22:12:00
J372,M03,2023-03-20 21:50:00,2023-03-20 23:08:00
J373,M05,2023-03-20 22:00:00,2023-03-20 23:35:00
J374,M02,2023-03-20 22:10:00,2023-03-20 22:58:00
J375,M05,2023-03-20 22:20:00,2023-03-21 00:10:00
J376,M04,2023-03-20 22:30:00,2023-03-20 23:22:00
J377,M02,2023-03-20 22:40:00,2023-03-20 23:41:00
J378,M01,2023-03-20 22:50:00,2023-03-20 23:53:00
J379,M01,2023-03-20 23:00:00,2023-03-20 23:47:00
J380,M02,2023-03-20 23:10:00,2023-03-20 23:56:00
J381,M01,2023-03-20 23:20:00,2023-03-21 00:49:00
J382,M04,2023-03-20 23:30:00,2023-03-21 00:42:00
J383,M01,2023-03-20 23:40:00,2023-03-21 00:45:00
J384,M01,2023-03-20 23:50:00,2023-03-21 00:40:00
J385,M02,2023-03-21 00:00:00,2023-03-21 00:59:00
J386,M05,2023-03-21 00:10:00,2023-03-21 01:23:00
J387,M01,2023-03-21 00:20:00,2023-03-21 01:02:00
J388,M05,2023-03-21 00:30:00,2023-03-21 00:54:00
J389,M01,2023-03-21 00:40:00,2023-03-21 01:51:00
J390,M04,2023-03-21 00:50:00,2023-03-21 02:06:00
J391,M03,2023-03-21 01:00:00,2023-03-21 01:35:00
J392,M01,2023-03-21 01:10:00,2023-03-21 02:46:00
J393,M01,2023-03-21 01:20:00,2023-03-21 02:29:00
J394,M02,2023-03-21 01:30:00,2023-03-21 02:44:00
J395,M03,2023-03-21 01:40:00,2023-03-21 02:46:00
J396,M02,2023-03-21 01:50:00,2023-03-21 02:57:00
J397,M05,2023-03-21 02:00:00,2023-03-21 02:23:00
J398,M01,2023-03-21 02:10:00,2023-03-21 03:32:00
J399,M05,2023-03-21 02:20:00,2023-03-21 03:40:00
J400,M02,2023-03-21 02:30:00,2023-03-21 02:54:00
J401,M04,2023-03-21 02:40:00,2023-03-21 03:29:00
J402,M04,2023-03-21 02:50:00,2023-03-21 04:43:00
J403,M05,2023-03-21 03:00:00,2023-03-21 04:53:00
J404,M01,2023-03-21 03:10:00,2023-03-21 04:39:00
J405,M03,2023-03-21 03:20:00,2023-03-21 05:00:00
J406,M02,2023-03-21 03:30:00,2023-03-21 04:57:00
J407,M02,2023-03-21 03:40:00,2023-03-21 05:40:00
J408,M03,2023-03-21 03:50:00,2023-03-21 04:44:00
J409,M05,2023-03-21 04:00:00,2023-03-21 04:31:00
J410,M05,2023-03-21 04:10:00,2023-03-21 05:43:00
J411,M03,2023-03-21 04:20:00,2023-03-21 05:56:00
J412,M01,2023-03-21 04:30:00,2023-03-21 05:16:00
J413,M04,2023-03-21 04:40:00,2023-03-21 05:02:00
J414,M03,2023-03-21 04:50:00,2023-03-21 05:21:00
J415,M02,2023-03-21 05:00:00,2023-03-21 05:33:00
J416,M01,2023-03-21 05:10:00,2023-03-21 06:57:00
J417,M01,2023-03-21 05:20:00,2023-03-21 06:10:00
J418,M04,2023-03-21 05:30:00,2023-03-21 06:10:00
J419,M05,2023-03-21 05:40:00,2023-03-21 06:23:00
J420,M02,2023-03-21 05:50:00,2023-03-21 07:45:00
J421,M02,2023-03-21 06:00:00,2023-03-21 07:36:00
J422,M01,2023-03-21 06:10:00,2023-03-21 08:09:00
J423,M05,2023-03-21 06:20:00,2023-03-21 08:05:00
J424,M01,2023-03-21 06:30:00,2023-03-21 07:34:00
J425,M02,2023-03-21 06:40:00,2023-03-21 08:30:00
J426,M05,2023-03-21 06:50:00,2023-03-21 08:04:00
J427,M05,2023-03-21 07:00:00,2023-03-21 08:04:00
J428,M05,2023-03-21 07:10:00,2023-03-21 07:47:00
J429,M01,2023-03-21 07:20:00,2023-03-21 08:20:00
J430,M05,2023-03-21 07:30:00,2023-03-21 08:14:00
J431,M01,2023-03-21 07:40:00,2023-03-21 08:28:00
J432,M03,2023-03-21 07:50:00,2023-03-21 09:35:00
J433,M04,2023-03-21 08:00:00,2023-03-21 08:46:00
J434,M05,2023-03-21 08:10:00,2023-03-21 09:37:00
J435,M02,2023-03-21 08:20:00,2023-03-21 09:11:00
J436,M04,2023-03-21 08:30:00,2023-03-21 09:29:00
J437,M05,2023-03-21 08:40:00,2023-03-21 09:37:00
J438,M04,2023-03-21 08:50:00,2023-03-21 10:39:00
J439,M02,2023-03-21 09:00:00,2023-03-21 10:55:00
J440,M04,2023-03-21 09:10:00,2023-03-21 10:48:00
J441,M04,2023-03-21 09:20:00,2023-03-21 10:22:00
J442,M05,2023-03-21 09:30:00,2023-03-21 11:07:00
J443,M03,2023-03-21 09:40:00,2023-03-21 11:29:00
J444,M03,2023-03-21 09:50:00,2023-03-21 10:46:00
J445,M04,2023-03-21 10:00:00,2023-03-21 10:56:00
J446,M03,2023-03-21 10:10:00,2023-03-21 11:12:00
J447,M01,2023-03-21 10:20:00,2023-03-21 11:33:00
J448,M05,2023-03-21 10:30:00,2023-03-21 11:24:00
J449,M01,2023-03-21 10:40:00,2023-03-21 12:38:00
J450,M05,2023-03-21 10:50:00,2023-03-21 12:25:00
J451,M01,2023-03-21 11:00:00,2023-03-21 12:49:00
J452,M02,2023-03-21 11:10:00,2023-03-21 13:00:00
J453,M03,2023-03-21 11:20:00,2023-03-21 13:13:00
J454,M03,2023-03-21 11:30:00,2023-03-21 12:25:00
J455,M01,2023-03-21 11:40:00,2023-03-21 13:27:00
J456,M05,2023-03-21 11:50:00,2023-03-21 13:05:00
J457,M02,2023-03-21 12:00:00,2023-03-21 13:41:00
J458,M03,2023-03-21 12:10:00,2023-03-21 14:00:00
J459,M02,2023-03-21 12:20:00,2023-03-21 13:53:00
J460,M04,2023-03-21 12:30:00,2023-03-21 14:15:00
J461,M02,2023-03-21 12:40:00,2023-03-21 13:30:00
J462,M05,2023-03-21 12:50:00,2023-03-21 13:36:00
J463,M02,2023-03-21 13:00:00,2023-03-21 13:28:00
J464,M02,2023-03-21 13:10:00,2023-03-21 14:42:00
J465,M01,2023-03-21 13:20:00,2023-03-21 13:48:00
J466,M01,2023-03-21 13:30:00,2023-03-21 13:51:00
J467,M01,2023-03-21 13:40:00,2023-03-21 14:17:00
J468,M05,2023-03-21 13:50:00,2023-03-21 14:32:00
J469,M04,2023-03-21 14:00:00,2023-03-21 15:59:00
J470,M05,2023-03-21 14:10:00,2023-03-21 15:06:00
J471,M01,2023-03-21 14:20:00,2023-03-21 14:42:00
J472,M02,2023-03-21 14:30:00,2023-03-21 15:49:00
J473,M04,2023-03-21 14:40:00,2023-03-21 16:00:00
J474,M04,2023-03-21 14:50:00,2023-03-21 15:42:00
J475,M01,2023-03-21 15:00:00,2023-03-21 16:46:00
J476,M02,2023-03-21 15:10:00,2023-03-21 16:33:00
J477,M01,2023-03-21 15:20:00,2023-03-21 15:55:00
J478,M05,2023-03-21 15:30:00,2023-03-21 16:04:00
J479,M02,2023-03-21 15:40:00,2023-03-21 16:46:00
J480,M01,2023-03-21 15:50:00,2023-03-21 16:44:00
J481,M01,2023-03-21 16:00:00,2023-03-21 16:38:00
J482,M02,2023-03-21 16:10:00,2023-03-21 17:23:00
J483,M03,2023-03-21 16:20:00,2023-03-21 16:53:00
J484,M04,2023-03-21 16:30:00,2023-03-21 18:21:00
J485,M03,2023-03-21 16:40:00,2023-03-21 17:14:00
J486,M03,2023-03-21 16:50:00,2023-03-21 17:43:00
J487,M01,2023-03-21 17:00:00,2023-03-21 18:40:00
J488,M05,2023-03-21 17:10:00,2023-03-21 18:45:00
J489,M04,2023-03-21 17:20:00,2023-03-21 17:57:00
J490,M05,2023-03-21 17:30:00,2023-03-21 18:51:00
J491,M01,2023-03-21 17:40:00,2023-03-21 18:16:00
J492,M04,2023-03-21 17:50:00,2023-03-21 18:55:00
J493,M02,2023-03-21 18:00:00,2023-03-21 19:40:00
J494,M05,2023-03-21 18:10:00,2023-03-21 19:21:00
J495,M01,2023-03-21 18:20:00,2023-03-21 19:04:00
J496,M04,2023-03-21 18:30:00,2023-03-21 19:08:00
J497,M01,2023-03-21 18:40:00,2023-03-21 19:03:00
J498,M01,2023-03-21 18:50:00,2023-03-21 20:27:00
J499,M05,2023-03-21 19:00:00,2023-03-21 20:09:00
J500,M03,2023-03-21 19:10:00,2023-03-21 19:58:00
J501,M02,2023-03-21 19:20:00,2023-03-21 20:08:00
J502,M05,2023-03-21 19:30:00,2023-03-21 21:01:00
J503,M01,2023-03-21 19:40:00,2023-03-21 21:10:00
J504,M01,2023-03-21 19:50:00,2023-03-21 21:11:00
J505,M02,2023-03-21 20:00:00,2023-03-21 21:14:00
J506,M05,2023-03-21 20:10:00,2023-03-21 22:07:00
J507,M01,2023-03-21 20:20:00,2023-03-21 20:42:00
J508,M04,2023-03-21 20:30:00,2023-03-21 21:47:00
J509,M03,2023-03-21 20:40:00,2023-03-21 22:23:00
J510,M01,2023-03-21 20:50:00,2023-03-21 21:51:00
J511,M02,2023-03-21 21:00:00,2023-03-21 22:14:00
J512,M05,2023-03-21 21:10:00,2023-03-21 22:48:00
J513,M03,2023-03-21 21:20:00,2023-03-21 22:32:00
J514,M01,2023-03-21 21:30:00,2023-03-21 23:26:00
J515,M03,2023-03-21 21:40:00,2023-03-21 22:20:00
J516,M01,2023-03-21 21:50:00,2023-03-21 22:40:00
J517,M04,2023-03-21 22:00:00,2023-03-21 23:06:00
J518,M05,2023-03-21 22:10:00,2023-03-21 23:11:00
J519,M02,2023-03-21 22:20:00,2023-03-21 23:56:00
J520,M04,2023-03-21 22:30:00,2023-03-21 23:04:00
J521,M05,2023-03-21 22:40:00,2023-03-21 23:42:00
J522,M04,2023-03-21 22:50:00,2023-03-21 23:14:00
J523,M02,2023-03-21 23:00:00,2023-03-21 23:52:00
J524,M03,2023-03-21 23:10:00,2023-03-22 00:12:00
J525,M01,2023-03-21 23:20:00,2023-03-22 00:52:00
J526,M02,2023-03-21 23:30:00,2023-03-22 00:46:00
J527,M01,2023-03-21 23:40:00,2023-03-22 00:47:00
J528,M03,2023-03-21 23:50:00,2023-03-22 00:18:00
J529,M04,2023-03-22 00:00:00,2023-03-22 01:42:00
J530,M04,2023-03-22 00:10:00,2023-03-22 01:37:00
J531,M01,2023-03-22 00:20:00,2023-03-22 01:50:00
J532,M03,2023-03-22 00:30:00,2023-03-22 02:16:00
J533,M01,2023-03-22 00:40:00,2023-03-22 02:32:00
J534,M02,2023-03-22 00:50:00,2023-03-22 01:51:00
J535,M02,2023-03-22 01:00:00,2023-03-22 01:45:00
J536,M01,2023-03-22 01:10:00,2023-03-22 02:50:00
J537,M02,2023-03-22 01:20:00,2023-03-22 02:08:00
J538,M01,2023-03-22 01:30:00,2023-03-22 02:45:00
J539,M01,2023-03-22 01:40:00,2023-03-22 03:36:00
J540,M05,2023-03-22 01:50:00,2023-03-22 02:50:00
J541,M01,2023-03-22 02:00:00,2023-03-22 02:53:00
J542,M03,2023-03-22 02:10:00,2023-03-22 02:57:00
J543,M05,2023-03-22 02:20:00,2023-03-22 03:47:00
J544,M02,2023-03-22 02:30:00,2023-03-22 03:59:00
J545,M05,2023-03-22 02:40:00,2023-03-22 03:30:00
J546,M04,2023-03-22 02:50:00,2023-03-22 04:25:00
J547,M04,2023-03-22 03:00:00,2023-03-22 04:40:00
J548,M04,2023-03-22 03:10:00,2023-03-22 03:31:00
J549,M04,2023-03-22 03:20:00,2023-03-22 04:21:00
J550,M02,2023-03-22 03:30:00,2023-03-22 04:01:00
J551,M01,2023-03-22 03:40:00,2023-03-22 05:05:00
J552,M01,2023-03-22 03:50:00,2023-03-22 04:58:00
J553,M03,2023-03-22 04:00:00,2023-03-22 05:03:00
J554,M04,2023-03-22 04:10:00,2023-03-22 05:43:00
J555,M02,2023-03-22 04:20:00,2023-03-22 04:57:00
J556,M05,2023-03-22 04:30:00,2023-03-22 05:06:00
J557,M04,2023-03-22 04:40:00,2023-03-22 05:24:00
J558,M03,2023-03-22 04:50:00,2023-03-22 05:46:00
J559,M02,2023-03-22 05:00:00,2023-03-22 06:54:00
J560,M01,2023-03-22 05:10:00,2023-03-22 06:29:00
J561,M04,2023-03-22 05:20:00,2023-03-22 06:04:00
J562,M05,2023-03-22 05:30:00,2023-03-22 07:18:00
J563,M05,2023-03-22 05:40:00,2023-03-22 07:00:00
J564,M02,2023-03-22 05:50:00,2023-03-22 07:42:00
J565,M05,2023-03-22 06:00:00,2023-03-22 07:50:00
J566,M02,2023-03-22 06:10:00,2023-03-22 07:58:00
J567,M01,2023-03-22 06:20:00,2023-03-22 07:48:00
J568,M03,2023-03-22 06:30:00,2023-03-22 07:44:00
J569,M02,2023-03-22 06:40:00,2023-03-22 07:32:00
J570,M03,2023-03-22 06:50:00,2023-03-22 07:57:00
J571,M03,2023-03-22 07:00:00,2023-03-22 08:25:00
J572,M04,2023-03-22 07:10:00,2023-03-22 08:40:00
J573,M03,2023-03-22 07:20:00,2023-03-22 08:30:00
J574,M02,2023-03-22 07:30:00,2023-03-22 07:53:00
J575,M05,2023-03-22 07:40:00,2023-03-22 09:40:00
J576,M03,2023-03-22 07:50:00,2023-03-22 08:55:00
J577,M04,2023-03-22 08:00:00,2023-03-22 09:39:00
J578,M03,2023-03-22 08:10:00,2023-03-22 09:34:00
J579,M03,2023-03-22 08:20:00,2023-03-22 09:54:00
J580,M04,2023-03-22 08:30:00,2023-03-22 08:58:00
J581,M01,2023-03-22 08:40:00,2023-03-22 09:47:00
J582,M03,2023-03-22 08:50:00,2023-03-22 10:25:00
J583,M02,2023-03-22 09:00:00,2023-03-22 09:56:00
J584,M05,2023-03-22 09:10:00,2023-03-22 09:42:00
J585,M05,2023-03-22 09:20:00,2023-03-22 10:01:00
J586,M01,2023-03-22 09:30:00,2023-03-22 10:58:00
J587,M05,2023-03-22 09:40:00,2023-03-22 11:00:00
J588,M04,2023-03-22 09:50:00,2023-03-22 11:26:00
J589,M03,2023-03-22 10:00:00,2023-03-22 10:54:00
J590,M03,2023-03-22 10:10:00,2023-03-22 12:00:00
J591,M05,2023-03-22 10:20:00,2023-03-22 11:30:00
J592,M01,2023-03-22 10:30:00,2023-03-22 11:39:00
J593,M03,2023-03-22 10:40:00,2023-03-22 12:07:00
J594,M05,2023-03-22 10:50:00,2023-03-22 12:14:00
J595,M05,2023-03-22 11:00:00,2023-03-22 11:26:00
J596,M02,2023-03-22 11:10:00,2023-03-22 11:31:00
J597,M04,2023-03-22 11:20:00,2023-03-22 12:24:00
J598,M04,2023-03-22 11:30:00,2023-03-22 13:12:00
J599,M04,2023-03-22 11:40:00,2023-03-22 13:05:00
J600,M01,2023-03-22 11:50:00,2023-03-22 12:53:00
J601,M01,2023-03-22 12:00:00,2023-03-22 13:00:00
J602,M04,2023-03-22 12:10:00,2023-03-22 13:29:00
J603,M03,2023-03-22 12:20:00,2023-03-22 13:50:00
J604,M02,2023-03-22 12:30:00,2023-03-22 14:14:00
J605,M04,2023-03-22 12:40:00,2023-03-22 13:05:00
J606,M01,2023-03-22 12:50:00,2023-03-22 14:33:00
J607,M03,2023-03-22 13:00:00,2023-03-22 14:19:00
J608,M03,2023-03-22 13:10:00,2023-03-22 15:08:00
J609,M03,2023-03-22 13:20:00,2023-03-22 14:45:00
J610,M01,2023-03-22 13:30:00,2023-03-22 15:26:00
J611,M01,2023-03-22 13:40:00,2023-03-22 14:50:00
J612,M03,2023-03-22 13:50:00,2023-03-22 15:32:00
J613,M03,2023-03-22 14:00:00,2023-03-22 15:06:00
J614,M01,2023-03-22 14:10:00,2023-03-22 15:27:00
J615,M02,2023-03-22 14:20:00,2023-03-22 15:13:00
J616,M01,2023-03-22 14:30:00,2023-03-22 15:15:00
J617,M01,2023-03-22 14:40:00,2023-03-22 15:46:00
J618,M02,2023-03-22 14:50:00,2023-03-22 16:24:00
J619,M01,2023-03-22 15:00:00,2023-03-22 16:54:00
J620,M01,2023-03-22 15:10:00,2023-03-22 17:02:00
J621,M05,2023-03-22 15:20:00,2023-03-22 16:18:00
J622,M03,2023-03-22 15:30:00,2023-03-22 17:17:00
J623,M04,2023-03-22 15:40:00,2023-03-22 17:29:00
J624,M03,2023-03-22 15:50:00,2023-03-22 16:19:00
J625,M01,2023-03-22 16:00:00,2023-03-22 17:10:00
J626,M05,2023-03-22 16:10:00,2023-03-22 17:02:00
J627,M01,2023-03-22 16:20:00,2023-03-22 17:32:00
J628,M02,2023-03-22 16:30:00,2023-03-22 18:29:00
J629,M03,2023-03-22 16:40:00,2023-03-22 18:32:00
J630,M05,2023-03-22 16:50:00,2023-03-22 17:29:00
J631,M01,2023-03-22 17:00:00,2023-03-22 18:45:00
J632,M01,2023-03-22 17:10:00,2023-03-22 18:01:00
J633,M03,2023-03-22 17:20:00,2023-03-22 18:58:00
J634,M03,2023-03-22 17:30:00,2023-03-22 18:57:00
J635,M04,2023-03-22 17:40:00,2023-03-22 19:23:00
J636,M05,2023-03-22 17:50:00,2023-03-22 19:03:00
J637,M04,2023-03-22 18:00:00,2023-03-22 19:25:00
J638,M05,2023-03-22 18:10:00,2023-03-22 19:43:00
J639,M05,2023-03-22 18:20:00,2023-03-22 20:02:00
J640,M01,2023-03-22 18:30:00,2023-03-22 19:06:00
J641,M01,2023-03-22 18:40:00,2023-03-22 20:33:00
J642,M04,2023-03-22 18:50:00,2023-03-22 19:33:00
J643,M05,2023-03-22 19:00:00,2023-03-22 20:01:00
J644,M02,2023-03-22 19:10:00,2023-03-22 20:37:00
J645,M01,2023-03-22 19:20:00,2023-03-22 20:10:00
J646,M02,2023-03-22 19:30:00,2023-03-22 21:28:00
J647,M05,2023-03-22 19:40:00,2023-03-22 21:17:00
J648,M01,2023-03-22 19:50:00,2023-03-22 20:46:00
J649,M03,2023-03-22 20:00:00,2023-03-22 20:57:00
J650,M04,2023-03-22 20:10:00,2023-03-22 21:50:00
J651,M01,2023-03-22 20:20:00,2023-03-22 20:57:00
J652,M01,2023-03-22 20:30:00,2023-03-22 20:55:00
J653,M04,2023-03-22 20:40:00,2023-03-22 21:01:00
J654,M02,2023-03-22 20:50:00,2023-03-22 21:49:00
J655,M04,2023-03-22 21:00:00,2023-03-22 21:46:00
J656,M02,2023-03-22 21:10:00,2023-03-22 21:33:00
J657,M03,2023-03-22 21:20:00,2023-03-22 23:01:00
J658,M02,2023-03-22 21:30:00,2023-03-22 22:30:00
J659,M03,2023-03-22 21:40:00,2023-03-22 22:41:00
J660,M01,2023-03-22 21:50:00,2023-03-22 23:50:00
J661,M04,2023-03-22 22:00:00,2023-03-22 23:19:00
J662,M03,2023-03-22 22:10:00,2023-03-22 22:40:00
J663,M03,2023-03-22 22:20:00,2023-03-23 00:12:00
J664,M05,2023-03-22 22:30:00,2023-03-23 00:07:00
J665,M02,2023-03-22 22:40:00,2023-03-22 23:25:00
J666,M01,2023-03-22 22:50:00,2023-03-23 00:01:00
J667,M01,2023-03-22 23:00:00,2023-03-23 00:11:00
J668,M01,2023-03-22 23:10:00,2023-03-22 23:39:00
J669,M03,2023-03-22 23:20:00,2023-03-22 23:59:00
J670,M01,2023-03-22 23:30:00,2023-03-23 00:54:00
J671,M02,2023-03-22 23:40:00,2023-03-23 01:36:00
J672,M02,2023-03-22 23:50:00,2023-03-23 00:20:00
J673,M02,2023-03-23 00:00:00,2023-03-23 01:42:00
J674,M03,2023-03-23 00:10:00,2023-03-23 01:49:00
J675,M03,2023-03-23 00:20:00,2023-03-23 00:45:00
J676,M01,2023-03-23 00:30:00,2023-03-23 02:18:00
J677,M02,2023-03-23 00:40:00,2023-03-23 02:31:00
J678,M03,2023-03-23 00:50:00,2023-03-23 01:48:00
J679,M01,2023-03-23 01:00:00,2023-03-23 02:16:00
J680,M02,2023-03-23 01:10:00,2023-03-23 01:34:00
J681,M04,2023-03-23 01:20:00,2023-03-23 02:27:00
J682,M03,2023-03-23 01:30:00,2023-03-23 02:16:00
J683,M04,2023-03-23 01:40:00,2023-03-23 02:26:00
J684,M03,2023-03-23 01:50:00,2023-03-23 02:18:00
J685,M03,2023-03-23 02:00:00,2023-03-23 03:21:00
J686,M03,2023-03-23 02:10:00,2023-03-23 02:47:00
J687,M02,2023-03-23 02:20:00,2023-03-23 03:38:00
J688,M01,2023-03-23 02:30:00,2023-03-23 03:32:00
J689,M03,2023-03-23 02:40:00,2023-03-23 03:05:00
J690,M05,2023-03-23 02:50:00,2023-03-23 03:30:00
J691,M05,2023-03-23 03:00:00,2023-03-23 04:27:00
J692,M01,2023-03-23 03:10:00,2023-03-23 04:33:00
J693,M03,2023-03-23 03:20:00,2023-03-23 04:19:00
J694,M01,2023-03-23 03:30:00,2023-03-23 03:53:00
J695,M01,2023-03-23 03:40:00,2023-03-23 05:00:00
J696,M01,2023-03-23 03:50:00,2023-03-23 05:44:00
J697,M04,2023-03-23 04:00:00,2023-03-23 05:14:00
J698,M05,2023-03-23 04:10:00,2023-03-23 05:06:00
J699,M03,2023-03-23 04:20:00,2023-03-23 05:20:00
J700,M01,2023-03-23 04:30:00,2023-03-23 06:15:00
J701,M02,2023-03-23 04:40:00,2023-03-23 06:34:00
J702,M05,2023-03-23 04:50:00,2023-03-23 05:35:00
J703,M01,2023-03-23 05:00:00,2023-03-23 05:41:00
J704,M05,2023-03-23 05:10:00,2023-03-23 05:49:00
J705,M03,2023-03-23 05:20:00,2023-03-23 06:45:00
J706,M03,2023-03-23 05:30:00,2023-03-23 06:55:00
J707,M04,2023-03-23 05:40:00,2023-03-23 06:21:00
J708,M05,2023-03-23 05:50:00,2023-03-23 07:24:00
J709,M04,2023-03-23 06:00:00,2023-03-23 07:21:00
J710,M02,2023-03-23 06:10:00,2023-03-23 07:27:00
J711,M04,2023-03-23 06:20:00,2023-03-23 06:58:00
J712,M03,2023-03-23 06:30:00,2023-03-23 07:50:00
J713,M05,2023-03-23 06:40:00,2023-03-23 08:00:00
J714,M04,2023-03-23 06:50:00,2023-03-23 07:32:00
J715,M05,2023-03-23 07:00:00,2023-03-23 07:51:00
J716,M05,2023-03-23 07:10:00,2023-03-23 07:37:00
J717,M02,2023-03-23 07:20:00,2023-03-23 08:56:00
J718,M04,2023-03-23 07:30:00,2023-03-23 09:11:00
J719,M04,2023-03-23 07:40:00,2023-03-23 09:12:00
J720,M01,2023-03-23 07:50:00,2023-03-23 09:21:00
J721,M02,2023-03-23 08:00:00,2023-03-23 09:06:00
J722,M04,2023-03-23 08:10:00,2023-03-23 08:50:00
J723,M04,2023-03-23 08:20:00,2023-03-23 10:19:00
J724,M01,2023-03-23 08:30:00,2023-03-23 09:02:00
J725,M04,2023-03-23 08:40:00,2023-03-23 10:37:00
J726,M05,2023-03-23 08:50:00,2023-03-23 10:47:00
J727,M01,2023-03-23 09:00:00,2023-03-23 09:30:00
J728,M03,2023-03-23 09:10:00,2023-03-23 10:17:00
J729,M04,2023-03-23 09:20:00,2023-03-23 10:09:00
J730,M02,2023-03-23 09:30:00,2023-03-23 11:29:00
J731,M02,2023-03-23 09:40:00,2023-03-23 11:35:00
J732,M04,2023-03-23 09:50:00,2023-03-23 10:21:00
J733,M02,2023-03-23 10:00:00,2023-03-23 11:22:00
J734,M02,2023-03-23 10:10:00,2023-03-23 11:21:00
J735,M01,2023-03-23 10:20:00,2023-03-23 11:14:00
J736,M05,2023-03-23 10:30:00,2023-03-23 10:57:00
J737,M05,2023-03-23 10:40:00,2023-03-23 11:00:00
J738,M01,2023-03-23 10:50:00,2023-03-23 12:04:00
J739,M04,2023-03-23 11:00:00,2023-03-23 12:38:00
J740,M01,2023-03-23 11:10:00,2023-03-23 12:08:00
J741,M01,2023-03-23 11:20:00,2023-03-23 11:58:00
J742,M01,2023-03-23 11:30:00,2023-03-23 12:45:00
J743,M04,2023-03-23 11:40:00,2023-03-23 12:33:00
J744,M02,2023-03-23 11:50:00,2023-03-23 13:28:00
J745,M03,2023-03-23 12:00:00,2023-03-23 12:35:00
J746,M03,2023-03-23 12:10:00,2023-03-23 12:40:00
J747,M05,2023-03-23 12:20:00,2023-03-23 12:56:00
J748,M02,2023-03-23 12:30:00,2023-03-23 14:04:00
J749,M02,2023-03-23 12:40:00,2023-03-23 13:49:00
J750,M05,2023-03-23 12:50:00,2023-03-23 14:04:00
J751,M05,2023-03-23 13:00:00,2023-03-23 14:30:00
J752,M04,2023-03-23 13:10:00,2023-03-23 15:00:00
J753,M01,2023-03-23 13:20:00,2023-03-23 14:10:00
J754,M02,2023-03-23 13:30:00,2023-03-23 15:27:00
J755,M04,2023-03-23 13:40:00,2023-03-23 15:40:00
J756,M03,2023-03-23 13:50:00,2023-03-23 14:19:00
J757,M04,2023-03-23 14:00:00,2023-03-23 15:07:00
J758,M04,2023-03-23 14:10:00,2023-03-23 14:42:00
J759,M04,2023-03-23 14:20:00,2023-03-23 16:13:00
J760,M02,2023-03-23 14:30:00,2023-03-23 14:56:00
J761,M03,2023-03-23 14:40:00,2023-03-23 16:07:00
J762,M04,2023-03-23 14:50:00,2023-03-23 16:06:00
J763,M05,2023-03-23 15:00:00,2023-03-23 16:24:00
J764,M04,2023-03-23 15:10:00,2023-03-23 16:47:00
J765,M03,2023-03-23 15:20:00,2023-03-23 15:41:00
J766,M04,2023-03-23 15:30:00,2023-03-23 17:08:00
J767,M03,2023-03-23 15:40:00,2023-03-23 17:32:00
J768,M04,2023-03-23 15:50:00,2023-03-23 17:17:00
J769,M01,2023-03-23 16:00:00,2023-03-23 16:59:00
J770,M05,2023-03-23 16:10:00,2023-03-23 17:55:00
J771,M05,2023-03-23 16:20:00,2023-03-23 18:03:00
J772,M04,2023-03-23 16:30:00,2023-03-23 17:41:00
J773,M05,2023-03-23 16:40:00,2023-03-23 18:40:00
J774,M01,2023-03-23 16:50:00,2023-03-23 17:59:00
J775,M03,2023-03-23 17:00:00,2023-03-23 17:34:00
J776,M03,2023-03-23 17:10:00,2023-03-23 19:08:00
J777,M02,2023-03-23 17:20:00,2023-03-23 18:04:00
J778,M03,2023-03-23 17:30:00,2023-03-23 18:45:00
J779,M01,2023-03-23 17:40:00,2023-03-23 18:44:00
J780,M03,2023-03-23 17:50:00,2023-03-23 18:21:00
J781,M05,2023-03-23 18:00:00,2023-03-23 19:43:00
J782,M02,2023-03-23 18:10:00,2023-03-23 18:52:00
J783,M01,2023-03-23 18:20:00,2023-03-23 19:33:00
J784,M02,2023-03-23 18:30:00,2023-03-23 20:28:00
J785,M04,2023-03-23 18:40:00,2023-03-23 20:17:00
J786,M05,2023-03-23 18:50:00,2023-03-23 20:40:00
J787,M02,2023-03-23 19:00:00,2023-03-23 20:32:00
J788,M04,2023-03-23 19:10:00,2023-03-23 20:35:00
J789,M02,2023-03-23 19:20:00,2023-03-23 19:45:00
J790,M05,2023-03-23 19:30:00,2023-03-23 19:58:00
J791,M03,2023-03-23 19:40:00,2023-03-23 21:26:00
J792,M04,2023-03-23 19:50:00,2023-03-23 21:00:00
J793,M03,2023-03-23 20:00:00,2023-03-23 21:39:00
J794,M05,2023-03-23 20:10:00,2023-03-23 21:43:00
J795,M01,2023-03-23 20:20:00,2023-03-23 22:09:00
J796,M01,2023-03-23 20:30:00,2023-03-23 22:29:00
J797,M02,2023-03-23 20:40:00,2023-03-23 22:19:00
J798,M03,2023-03-23 20:50:00,2023-03-23 21:34:00
J799,M05,2023-03-23 21:00:00,2023-03-23 22:44:00
J800,M01,2023-03-23 21:10:00,2023-03-23 23:06:00
J801,M03,2023-03-23 21:20:00,2023-03-23 22:15:00
J802,M01,2023-03-23 21:30:00,2023-03-23 23:24:00
J803,M02,2023-03-23 21:40:00,2023-03-23 23:24:00
J804,M03,2023-03-23 21:50:00,2023-03-23 22:24:00
J805,M03,2023-03-23 22:00:00,2023-03-23 22:54:00
J806,M02,2023-03-23 22:10:00,2023-03-24 00:00:00
J807,M05,2023-03-23 22:20:00,2023-03-23 23:59:00
J808,M05,2023-03-23 22:30:00,2023-03-24 00:24:00
J809,M01,2023-03-23 22:40:00,2023-03-24 00:13:00
J810,M04,2023-03-23 22:50:00,2023-03-24 00:14:00
J811,M01,2023-03-23 23:00:00,2023-03-23 23:29:00
J812,M05,2023-03-23 23:10:00,2023-03-23 23:34:00
J813,M05,2023-03-23 23:20:00,2023-03-24 01:19:00
J814,M02,2023-03-23 23:30:00,2023-03-24 01:14:00
J815,M04,2023-03-23 23:40:00,2023-03-24 01:23:00
J816,M05,2023-03-23 23:50:00,2023-03-24 00:24:00
J817,M02,2023-03-24 00:00:00,2023-03-24 01:06:00
J818,M01,2023-03-24 00:10:00,2023-03-24 01:11:00
J819,M05,2023-03-24 00:20:00,2023-03-24 01:32:00
J820,M04,2023-03-24 00:30:00,2023-03-24 02:19:00
J821,M04,2023-03-24 00:40:00,2023-03-24 01:04:00
J822,M01,2023-03-24 00:50:00,2023-03-24 02:20:00
J823,M01,2023-03-24 01:00:00,2023-03-24 02:34:00
J824,M05,2023-03-24 01:10:00,2023-03-24 02:43:00
J825,M02,2023-03-24 01:20:00,2023-03-24 01:53:00
J826,M03,2023-03-24 01:30:00,2023-03-24 02:37:00
J827,M01,2023-03-24 01:40:00,2023-03-24 03:19:00
J828,M03,2023-03-24 01:50:00,2023-03-24 02:48:00
J829,M03,2023-03-24 02:00:00,2023-03-24 03:30:00
J830,M04,2023-03-24 02:10:00,2023-03-24 02:34:00
J831,M05,2023-03-24 02:20:00,2023-03-24 03:40:00
J832,M01,2023-03-24 02:30:00,2023-03-24 04:10:00
J833,M02,2023-03-24 02:40:00,2023-03-24 04:09:00
J834,M04,2023-03-24 02:50:00,2023-03-24 04:01:00
J835,M01,2023-03-24 03:00:00,2023-03-24 04:00:00
J836,M03,2023-03-24 03:10:00,2023-03-24 04:58:00
J837,M05,2023-03-24 03:20:00,2023-03-24 04:12:00
J838,M02,2023-03-24 03:30:00,2023-03-24 05:12:00
J839,M05,2023-03-24 03:40:00,2023-03-24 04:54:00
J840,M02,2023-03-24 03:50:00,2023-03-24 05:48:00
J841,M04,2023-03-24 04:00:00,2023-03-24 05:31:00
J842,M01,2023-03-24 04:10:00,2023-03-24 05:38:00
J843,M05,2023-03-24 04:20:00,2023-03-24 05:21:00
J844,M04,2023-03-24 04:30:00,2023-03-24 05:28:00
J845,M04,2023-03-24 04:40:00,2023-03-24 05:20:00
J846,M01,2023-03-24 04:50:00,2023-03-24 06:21:00
J847,M04,2023-03-24 05:00:00,2023-03-24 06:13:00
J848,M02,2023-03-24 05:10:00,2023-03-24 06:36:00
J849,M05,2023-03-24 05:20:00,2023-03-24 06:13:00
J850,M05,2023-03-24 05:30:00,2023-03-24 07:21:00
J851,M02,2023-03-24 05:40:00,2023-03-24 06:10:00
J852,M02,2023-03-24 05:50:00,2023-03-24 06:58:00
J853,M03,2023-03-24 06:00:00,2023-03-24 07:26:00
J854,M05,2023-03-24 06:10:00,2023-03-24 07:18:00
J855,M04,2023-03-24 06:20:00,2023-03-24 07:50:00
J856,M04,2023-03-24 06:30:00,2023-03-24 07:32:00
J857,M04,2023-03-24 06:40:00,2023-03-24 07:42:00
J858,M03,2023-03-24 06:50:00,2023-03-24 08:44:00
J859,M04,2023-03-24 07:00:00,2023-03-24 07:28:00
J860,M04,2023-03-24 07:10:00,2023-03-24 08:52:00
J861,M03,2023-03-24 07:20:00,2023-03-24 08:28:00
J862,M01,2023-03-24 07:30:00,2023-03-24 08:26:00
J863,M03,2023-03-24 07:40:00,2023-03-24 08:57:00
J864,M02,2023-03-24 07:50:00,2023-03-24 09:09:00
J865,M04,2023-03-24 08:00:00,2023-03-24 09:17:00
J866,M01,2023-03-24 08:10:00,2023-03-24 08:43:00
J867,M02,2023-03-24 08:20:00,2023-03-24 09:41:00
J868,M04,2023-03-24 08:30:00,2023-03-24 09:03:00
J869,M04,2023-03-24 08:40:00,2023-03-24 09:19:00
J870,M01,2023-03-24 08:50:00,2023-03-24 10:09:00
J871,M03,2023-03-24 09:00:00,2023-03-24 10:12:00
J872,M03,2023-03-24 09:10:00,2023-03-24 10:41:00
J873,M02,2023-03-24 09:20:00,2023-03-24 11:09:00
J874,M03,2023-03-24 09:30:00,2023-03-24 10:44:00
J875,M03,2023-03-24 09:40:00,2023-03-24 11:05:00
J876,M02,2023-03-24 09:50:00,2023-03-24 10:45:00
J877,M05,2023-03-24 10:00:00,2023-03-24 10:23:00
J878,M05,2023-03-24 10:10:00,2023-03-24 12:06:00
J879,M05,2023-03-24 10:20:00,2023-03-24 11:12:00
J880,M02,2023-03-24 10:30:00,2023-03-24 11:34:00
J881,M03,2023-03-24 10:40:00,2023-03-24 12:25:00
J882,M05,2023-03-24 10:50:00,2023-03-24 11:50:00
J883,M02,2023-03-24 11:00:00,2023-03-24 11:43:00
J884,M02,2023-03-24 11:10:00,2023-03-24 11:42:00
J885,M05,2023-03-24 11:20:00,2023-03-24 12:05:00
J886,M04,2023-03-24 11:30:00,2023-03-24 11:55:00
J887,M04,2023-03-24 11:40:00,2023-03-24 13:25:00
J888,M02,2023-03-24 11:50:00,2023-03-24 13:12:00
J889,M03,2023-03-24 12:00:00,2023-03-24 13:18:00
J890,M01,2023-03-24 12:10:00,2023-03-24 12:40:00
J891,M02,2023-03-24 12:20:00,2023-03-24 14:04:00
J892,M02,2023-03-24 12:30:00,2023-03-24 13:13:00
J893,M04,2023-03-24 12:40:00,2023-03-24 14:35:00
J894,M01,2023-03-24 12:50:00,2023-03-24 13:58:00
J895,M05,2023-03-24 13:00:00,2023-03-24 14:22:00
J896,M04,2023-03-24 13:10:00,2023-03-24 14:59:00
J897,M05,2023-03-24 13:20:00,2023-03-24 14:20:00
J898,M05,2023-03-24 13:30:00,2023-03-24 13:50:00
J899,M03,2023-03-24 13:40:00,2023-03-24 14:55:00
J900,M03,2023-03-24 13:50:00,2023-03-24 14:49:00
J901,M05,2023-03-24 14:00:00,2023-03-24 15:34:00
J902,M03,2023-03-24 14:10:00,2023-03-24 15:53:00
J903,M03,2023-03-24 14:20:00,2023-03-24 15:55:00
J904,M05,2023-03-24 14:30:00,2023-03-24 15:35:00
J905,M03,2023-03-24 14:40:00,2023-03-24 15:28:00
J906,M01,2023-03-24 14:50:00,2023-03-24 15:50:00
J907,M02,2023-03-24 15:00:00,2023-03-24 16:30:00
J908,M02,2023-03-24 15:10:00,2023-03-24 16:56:00
J909,M04,2023-03-24 15:20:00,2023-03-24 17:16:00
J910,M02,2023-03-24 15:30:00,2023-03-24 16:08:00
J911,M03,2023-03-24 15:40:00,2023-03-24 17:32:00
J912,M04,2023-03-24 15:50:00,2023-03-24 17:02:00
J913,M05,2023-03-24 16:00:00,2023-03-24 16:31:00
J914,M03,2023-03-24 16:10:00,2023-03-24 17:22:00
J915,M02,2023-03-24 16:20:00,2023-03-24 17:43:00
J916,M01,2023-03-24 16:30:00,2023-03-24 17:01:00
J917,M04,2023-03-24 16:40:00,2023-03-24 17:20:00
J918,M04,2023-03-24 16:50:00,2023-03-24 18:46:00
J919,M05,2023-03-24 17:00:00,2023-03-24 17:48:00
J920,M04,2023-03-24 17:10:00,2023-03-24 17:53:00
J921,M01,2023-03-24 17:20:00,2023-03-24 18:50:00
J922,M02,2023-03-24 17:30:00,2023-03-24 18:16:00
J923,M02,2023-03-24 17:40:00,2023-03-24 19:11:00
J924,M04,2023-03-24 17:50:00,2023-03-24 19:14:00
J925,M02,2023-03-24 18:00:00,2023-03-24 18:30:00
J926,M05,2023-03-24 18:10:00,2023-03-24 20:05:00
J927,M01,2023-03-24 18:20:00,2023-03-24 19:20:00
J928,M02,2023-03-24 18:30:00,2023-03-24 20:10:00
J929,M01,2023-03-24 18:40:00,2023-03-24 20:15:00
J930,M03,2023-03-24 18:50:00,2023-03-24 20:31:00
J931,M03,2023-03-24 19:00:00,2023-03-24 19:55:00
J932,M01,2023-03-24 19:10:00,2023-03-24 19:51:00
J933,M02,2023-03-24 19:20:00,2023-03-24 20:09:00
J934,M05,2023-03-24 19:30:00,2023-03-24 20:58:00
J935,M02,2023-03-24 19:40:00,2023-03-24 21:01:00
J936,M05,2023-03-24 19:50:00,2023-03-24 20:12:00
J937,M02,2023-03-24 20:00:00,2023-03-24 21:43:00
J938,M02,2023-03-24 20:10:00,2023-03-24 20:57:00
J939,M02,2023-03-24 20:20:00,2023-03-24 21:10:00
J940,M01,2023-03-24 20:30:00,2023-03-24 21:57:00
J941,M02,2023-03-24 20:40:00,2023-03-24 22:25:00
J942,M04,2023-03-24 20:50:00,2023-03-24 21:10:00
J943,M04,2023-03-24 21:00:00,2023-03-24 22:11:00
J944,M02,2023-03-24 21:10:00,2023-03-24 21:53:00
J945,M04,2023-03-24 21:20:00,2023-03-24 21:53:00
J946,M01,2023-03-24 21:30:00,2023-03-24 22:15:00
J947,M02,2023-03-24 21:40:00,2023-03-24 23:08:00
J948,M02,2023-03-24 21:50:00,2023-03-24 23:30:00
J949,M03,2023-03-24 22:00:00,2023-03-24 22:57:00
J950,M04,2023-03-24 22:10:00,2023-03-24 23:42:00
J951,M05,2023-03-24 22:20:00,2023-03-24 23:41:00
J952,M02,2023-03-24 22:30:00,2023-03-24 22:54:00
J953,M03,2023-03-24 22:40:00,2023-03-25 00:23:00
J954,M01,2023-03-24 22:50:00,2023-03-24 23:29:00
J955,M04,2023-03-24 23:00:00,2023-03-24 23:55:00
J956,M01,2023-03-24 23:10:00,2023-03-25 00:01:00
J957,M02,2023-03-24 23:20:00,2023-03-25 00:50:00
J958,M05,2023-03-24 23:30:00,2023-03-25 00:14:00
J959,M04,2023-03-24 23:40:00,2023-03-25 01:04:00
J960,M04,2023-03-24 23:50:00,2023-03-25 01:18:00
J961,M04,2023-03-25 00:00:00,2023-03-25 01:33:00
J962,M01,2023-03-25 00:10:00,2023-03-25 01:17:00
J963,M04,2023-03-25 00:20:00,2023-03-25 02:01:00
J964,M03,2023-03-25 00:30:00,2023-03-25 01:36:00
J965,M02,2023-03-25 00:40:00,2023-03-25 01:23:00
J966,M02,2023-03-25 00:50:00,2023-03-25 02:44:00
J967,M05,2023-03-25 01:00:00,2023-03-25 02:04:00
J968,M03,2023-03-25 01:10:00,2023-03-25 01:42:00
J969,M02,2023-03-25 01:20:00,2023-03-25 01:52:00
J970,M04,2023-03-25 01:30:00,2023-03-25 02:45:00
J971,M02,2023-03-25 01:40:00,2023-03-25 03:39:00
J972,M03,2023-03-25 01:50:00,2023-03-25 02:49:00
J973,M02,2023-03-25 02:00:00,2023-03-25 03:01:00
J974,M05,2023-03-25 02:10:00,2023-03-25 02:51:00
J975,M03,2023-03-25 02:20:00,2023-03-25 03:53:00
J976,M05,2023-03-25 02:30:00,2023-03-25 04:11:00
J977,M01,2023-03-25 02:40:00,2023-03-25 03:58:00
J978,M02,2023-03-25 02:50:00,2023-03-25 04:28:00
J979,M02,2023-03-25 03:00:00,2023-03-25 04:40:00
J980,M03,2023-03-25 03:10:00,2023-03-25 04:21:00
J981,M02,2023-03-25 03:20:00,2023-03-25 04:40:00
J982,M01,2023-03-25 03:30:00,2023-03-25 03:57:00
J983,M05,2023-03-25 03:40:00,2023-03-25 04:26:00
J984,M04,2023-03-25 03:50:00,2023-03-25 05:04:00
J985,M02,2023-03-25 04:00:00,2023-03-25 05:43:00
J986,M05,2023-03-25 04:10:00,2023-03-25 05:10:00
J987,M02,2023-03-25 04:20:00,2023-03-25 06:20:00
J988,M04,2023-03-25 04:30:00,2023-03-25 06:14:00
J989,M03,2023-03-25 04:40:00,2023-03-25 06:09:00
J990,M03,2023-03-25 04:50:00,2023-03-25 06:17:00
J991,M02,2023-03-25 05:00:00,2023-03-25 05:36:00
J992,M01,2023-03-25 05:10:00,2023-03-25 06:33:00
J993,M05,2023-03-25 05:20:00,2023-03-25 07:05:00
J994,M05,2023-03-25 05:30:00,2023-03-25 07:04:00
J995,M03,2023-03-25 05:40:00,2023-03-25 07:38:00
J996,M02,2023-03-25 05:50:00,2023-03-25 06:40:00
J997,M05,2023-03-25 06:00:00,2023-03-25 07:00:00
J998,M03,2023-03-25 06:10:00,2023-03-25 07:52:00
J999,M02,2023-03-25 06:20:00,2023-03-25 07:35:00
J1000,M05,2023-03-25 06:30:00,2023-03-25 08:21:00
